Nom,Statut,Adresse,Téléphone,Latitude,Longitude,Itinéraire Maps,Horaires
PHARMACIE AGOENYIVE,Ouvert,"Route Nationale N°1, à côté de l'Église catholique Marie-ThéotokosAgoènyivé - BP 20464Lomé - Togo",+228 22 25 83 38,6.22570556,1.2107,"https://maps.google.com?daddr=6.22570556,1.2107",Lundi: 07H00 — 20H00 | Mardi: 07H00 — 20H00 | Mercredi: 07H00 — 20H00 | Jeudi: 07H00 — 20H00 | Vendredi: 07H00 — 20H00 | Samedi: 07H00 — 20H00 | Dimanche: Fermé
PHARMACIE DU 3e ARRONDISSEMENT,Ouvert,"219, Boulevard du 13 janvier à côté de l'immeuble Fiata, Golfe 4Lomé - Togo",+228 22 21 52 27,6.135169,1.232,"https://maps.google.com?daddr=6.135169,1.232",Lundi: 07H30 — 20H00 | Mardi: 07H30 — 20H00 | Mercredi: 07H30 — 20H00 | Jeudi: 07H30 — 20H00 | Vendredi: 07H30 — 20H00 | Samedi: 07H30 — 13H00 | Dimanche: Fermé
PHARMACIE MAËLYS,Ouvert,"1620, Bd. Malfakassa, non loin du Lycée St Michel, en face de NETADIBè Kpota - BP 604Lomé - Togo",+228 22 27 60 19,6.16795556,1.2754,"https://maps.google.com?daddr=6.16795556,1.2754",Lundi: 07H30 — 20H00 | Mardi: 07H30 — 20H00 | Mercredi: 07H30 — 20H00 | Jeudi: 07H30 — 20H00 | Vendredi: 07H30 — 20H00 | Samedi: 07H30 — 13H00 | Dimanche: Fermé
PHARMACIE 2000,Ouvert,Bd Malfakassa non loin de station Totale du MarchéBP 61194Lomé - Togo,+228 22 70 85 87,6.16405556,1.2,"https://maps.google.com?daddr=6.16405556,1.2",Lundi: 07H00 — 20H00 | Mardi: 07H00 — 20H00 | Mercredi: 07H00 — 20H00 | Jeudi: 07H00 — 20H00 | Vendredi: 07H00 — 20H00 | Samedi: 07H00 — 13H00 | Dimanche: Fermé
PHARMACIE BAKOE,Ouvert,"Route de la mission Tové sur la colline, ApessitoLomé - Togo",+228 79 71 03 74,6.28533333,1.1416,"https://maps.google.com?daddr=6.28533333,1.1416",Lundi: 00H00 — 23H59 | Mardi: 00H00 — 23H59 | Mercredi: 00H00 — 23H59 | Jeudi: 00H00 — 23H59 | Vendredi: 00H00 — 23H59 | Samedi: 00H00 — 23H59 | Dimanche: 00H00 — 23H59
PHARMACIE DES OLIVIERS,Inconnu,"266, Bd. Félix H.Boigny, à côté de l'agence MoovAkodésséwa - 08 BP 8480 Lomé 08Lomé - Togo",+228 22 71 70 37,6.15200833,1.262,"https://maps.google.com?daddr=6.15200833,1.2620",Non spécifié
PHARMACIE DES ORCHIDEES,Ouvert,Près du carrefour Léo 2000Agoè Téléssou - 02 BP 20715Lomé - Togo,+228 93 43 10 49,6.21132222,1.1771,"https://maps.google.com?daddr=6.21132222,1.1771",Lundi: 00H00 — 23H59 | Mardi: 00H00 — 23H59 | Mercredi: 00H00 — 23H59 | Jeudi: 00H00 — 23H59 | Vendredi: 00H00 — 23H59 | Samedi: 00H00 — 23H59 | Dimanche: 00H00 — 23H59
PHARMACIE FIDELIA,Ouvert,"Rue des passages des boeufs, à coté IFGIAkodésséwaLomé - Togo",+228 96 09 73 38,6.16652778,1.2665,"https://maps.google.com?daddr=6.16652778,1.2665",Lundi: 07H00 — 20H00 | Mardi: 07H00 — 20H00 | Mercredi: 07H00 — 20H00 | Jeudi: 07H00 — 20H00 | Vendredi: 07H00 — 20H00 | Samedi: 07H00 — 20H00 | Dimanche: Fermé
PHARMACIE LA GRACE,Ouvert,"Route Nationale N° 1, en face du terrain de sport Agoé Nyivé, à côté de l'hôtel SaharaAgoènyivé - 01 BP 440Lomé - Togo",+228 22 25 91 65,6.21955556,1.209,"https://maps.google.com?daddr=6.21955556,1.2090",Lundi: 07H30 — 20H00 | Mardi: 07H30 — 20H00 | Mercredi: 07H30 — 20H00 | Jeudi: 07H30 — 20H00 | Vendredi: 07H30 — 20H00 | Samedi: 07H30 — 13H00 | Dimanche: Fermé
PHARMACIE LE BON SAMARITAIN BJV,Ouvert,Non loin de l’hôpital de BèBè Pa de Souza - BP 616Lomé - Togo,+228 22 21 45 30,6.13998056,1.2466,"https://maps.google.com?daddr=6.13998056,1.2466",Lundi: 07H00 — 20H00 | Mardi: 07H00 — 20H00 | Mercredi: 07H00 — 20H00 | Jeudi: 07H00 — 20H00 | Vendredi: 07H00 — 20H00 | Samedi: 07H00 — 13H00 | Dimanche: Fermé
PHARMACIE NKOKO-EWE,Inconnu,Agbonou IdiotséBP 13Atakpamé - Togo,+228 24 42 54 87,7.5256427,1.1492409,,Non spécifié
PHARMACIE DE GBOSSIME,Ouvert,"376, Bd. de la Kara, non loin du marchéGbossimé - 08 BP 80859Lomé - Togo",+228 22 22 50 50,6.159532,1.205,"https://maps.google.com?daddr=6.159532,1.205",Lundi: 07H00 — 20H00 | Mardi: 07H00 — 20H00 | Mercredi: 07H00 — 20H00 | Jeudi: 07H00 — 20H00 | Vendredi: 07H00 — 20H00 | Samedi: 07H00 — 13H00 | Dimanche: Fermé
A DIEU LA GLOIRE,Ouvert,23BP23MaritimeLomé - Togo,+228 93 26 36 00,6.1256983,1.22536,"https://maps.google.com?daddr=6.1256983,1.22536",Lundi: 07H30 — 20H00 | Mardi: 07H00 — 20H00 | Mercredi: 07H00 — 20H00 | Jeudi: 07H30 — 20H00 | Vendredi: 07H30 — 20H00 | Samedi: 07H00 — 13H30 | Dimanche: Fermé
AGRIBISE Annexe,Inconnu,-Sotouboua - Togo,+228 92 34 27 00,8.5496804,1.01267,"https://maps.google.com?daddr=8.5496804,1.01267",Non spécifié
BAH,Inconnu,BP. 20519MaritimeLomé - Togo,+228 22 26 03 20,6.1526239,1.2366275,"https://maps.google.com?daddr=6.1256983,1.22536",Non spécifié
CAMEG Atakpamé,Ouvert,G4JG+JHPPlateauxAtakpame - Togo,+228 24 40 05 98,7.531597,1.126,"https://maps.google.com?daddr=7.531597,1.126",Lundi: 07H00 — 12H00 | Mardi: 07H00 — 12H00 | Mercredi: 07H00 — 12H00 | Jeudi: 07H00 — 12H00 | Vendredi: 07H00 — 12H00 | Samedi: Fermé | Dimanche: Fermé
CENTRE DE SANTE JOE HYAM,Inconnu,"Non loin de la Pharmacie Raoudha, Hédzranawoé07 BP 13976Lomé - Togo",+228 22 61 58 41,6.1352871,1.0761125,,Non spécifié
Cameg-Togo Quartier Tokoin Hopital,Ouvert,"202Bd des Armees, Hopital 08 BP 8349 - TokoinMaritimeLomé - Togo",+228 22 22 26 94,6.1465189,1.20639,"https://maps.google.com?daddr=6.1465189,1.20639",Lundi: 07H30 — 17H30 | Mardi: 07H30 — 17H30 | Mercredi: 07H30 — 17H30 | Jeudi: 07H30 — 17H30 | Vendredi: 07H30 — 17H30 | Samedi: Fermé | Dimanche: Fermé
DE L'AEROPORT,Inconnu,BP. 3717MaritimeLomé - Togo,+228 22 26 21 22,6.1687498,1.2198998,"https://maps.google.com?daddr=6.1256983,1.22536",Non spécifié
DE L?AMITIE,Inconnu,BP. 8648MaritimeLomé - Togo,+228 22 21 74 47,6.1581955,1.2144873,"https://maps.google.com?daddr=6.1256983,1.22536",Non spécifié
DEPOT DE PHARMACIE LOUEZ L'ETERNEL,Ouvert,-BP: 96Sotouboua - Togo,+228 90 27 17 63,6.2184523,1.0047827,,Lundi: 00H00 — 23H59 | Mardi: 00H00 — 23H59 | Mercredi: 00H00 — 23H59 | Jeudi: 00H00 — 23H59 | Vendredi: 00H00 — 23H59 | Samedi: 00H00 — 23H59 | Dimanche: 00H00 — 23H59
DEPOT PHARMACEUTIQUE AGOE-LOGOPE,Ouvert,"Route de Zanguéra, Près du CEG KoshiganAgoè Kossigan I - 13BP244Lomé - Togo",+228 22 51 70 12,6.23530556,1.1833,"https://maps.google.com?daddr=6.23530556,1.1833",Lundi: 07H00 — 20H00 | Mardi: 07H00 — 20H00 | Mercredi: 07H00 — 20H00 | Jeudi: 07H00 — 20H00 | Vendredi: 07H00 — 20H00 | Samedi: 07H00 — 13H00 | Dimanche: Fermé
DES LILAS,Inconnu,BP. 31000MaritimeLomé - Togo,+228 22 26 29 59,6.1543892,1.2303921,"https://maps.google.com?daddr=6.1256983,1.22536",Non spécifié
DIEUDONNE,Inconnu,BP. 7951MaritimeLomé - Togo,+228 22 25 41 07,6.2240332,1.2526241,"https://maps.google.com?daddr=6.1256983,1.22536",Non spécifié
DU 3EME ARRONDISSEMENT,Inconnu,BP. 2847MaritimeLomé - Togo,+228 22 21 52 27,6.1352038,1.2323631,"https://maps.google.com?daddr=6.1256983,1.22536",Non spécifié
Depot pharmacie agbodrafo,Ouvert,N2MaritimeLomé - Togo,+228 22 38 02 03,6.1522326,1.29034,"https://maps.google.com?daddr=6.1522326,1.29034",Lundi: 07H00 — 19H00 | Mardi: 07H00 — 19H00 | Mercredi: 07H00 — 19H00 | Jeudi: 07H00 — 19H00 | Vendredi: 07H00 — 19H00 | Samedi: 07H00 — 19H00 | Dimanche: Fermé
Dieu Donné,Inconnu,-MaritimeLomé - Togo,+228 90 27 33 03,6.2157404,1.17245,"https://maps.google.com?daddr=6.2157404,1.17245",Non spécifié
Dépôt de Pharmacie le MÉDIATEUR,Fermé,Rond Point dAdeta - Togo,+228 97 42 16 18,7.1272334,0.73122,"https://maps.google.com?daddr=7.1272334,0.73122",Lundi: 00H00 — 00H00 | Mardi: 00H00 — 00H00 | Mercredi: 00H00 — 00H00 | Jeudi: 00H00 — 00H00 | Vendredi: 00H00 — 00H00 | Samedi: 00H00 — 00H00 | Dimanche: 14H00 — 20H00
ENERGIA PROMOTION TOGO,Ouvert,"Rue sun city-vakpo, non loin de la station d'essence, avédji sun city24 BP 32 LoméLomé - Togo",+228 22 51 58 27,6.20316667,1.1712,"https://maps.google.com?daddr=6.20316667,1.1712",Lundi: 08H00 — 12H00 | Mardi: 08H00 — 12H00 | Mercredi: 08H00 — 12H00 | Jeudi: 08H00 — 12H00 | Vendredi: 08H00 — 12H00 | Samedi: Fermé | Dimanche: Fermé
ENOULI,Inconnu,BP. 8613MaritimeLomé - Togo,+228 22 25 90 68,6.2079093,1.1951941,"https://maps.google.com?daddr=6.1256983,1.22536",Non spécifié
Go Africa Online,Inconnu,,,6.155081,1.2213988,,Non spécifié
Emploi par métier,Inconnu,,,6.1823217,1.2466907,,Non spécifié
Forever Pharmacie,Fermé,125 Rue des Gémeaux - For EverMaritimeLomé - Togo,+228 22 26 11 77,6.1596768,1.2264,"https://maps.google.com?daddr=6.1596768,1.22640",Lundi: 00H00 — 00H00 | Mardi: 00H00 — 00H00 | Mercredi: 00H00 — 00H00 | Jeudi: 00H00 — 00H00 | Vendredi: 00H00 — 00H00 | Samedi: 00H00 — 00H00 | Dimanche: 00H00 — 00H00
GAG PHARMA,Ouvert,"Rue en face de l’ancienne COOPED/AD, 2ème maison à étage, à droite avant l’Eglise PentecôteKodjoviakopéLomé - Togo",+228 90 67 70 77,6.12586389,1.2075,"https://maps.google.com?daddr=6.12586389,1.2075",Lundi: 10H00 — 19H00 | Mardi: 10H00 — 19H00 | Mercredi: 10H00 — 19H00 | Jeudi: 10H00 — 19H00 | Vendredi: 10H00 — 19H00 | Samedi: 08H00 — 12H00 | Dimanche: Fermé
HOTEL MAWUNYO,Ouvert,"Voie du grand contournement, face à HaojueAgoè Sogbossito - 19 BP 247Lomé - Togo",+228 70 42 34 64,6.25486111,1.1712,"https://maps.google.com?daddr=6.25486111,1.1712",Lundi: 07H00 — 19H30 | Mardi: 07H00 — 19H30 | Mercredi: 07H00 — 19H30 | Jeudi: 07H00 — 19H30 | Vendredi: 07H00 — 19H30 | Samedi: 07H00 — 13H30 | Dimanche: Fermé
HÉDZRANAWOÉ,Inconnu,-MaritimeLomé - Togo,+228 99 01 39 61,6.1288062,1.23108,"https://maps.google.com?daddr=6.1288062,1.23108",Non spécifié
Maison mintoumba (ex pharmacie Savana),Fermé,87 ici les moulinoDapaong - Togo,+228 27 72 03 17,10.8733058,0.201,"https://maps.google.com?daddr=10.8733058,0.2010",Lundi: 00H00 — 00H00 | Mardi: 00H00 — 00H00 | Mercredi: 00H00 — 00H00 | Jeudi: 00H00 — 00H00 | Vendredi: 00H00 — 00H00 | Samedi: 00H00 — 00H00 | Dimanche: 00H00 — 00H00
PARMACIE EL NOUR,Ouvert,"Route alinka près de l'EPP Alinka, Agoè alinkaLomé - Togo",+228 97 79 93 74,6.28,1.1,"https://maps.google.com?daddr=6.28,1.1",Lundi: 07H00 — 20H00 | Mardi: 07H00 — 20H00 | Mercredi: 07H00 — 20H00 | Jeudi: 07H00 — 20H00 | Vendredi: 07H00 — 20H00 | Samedi: 07H00 — 13H00 | Dimanche: Fermé
PHARMACIE A DIEU LA GLOIRE,Inconnu,"Voiedu grand contournement, à côté de la poste LégbassitoAgoè Légbassito - 29 BP 23 Lomé 29Lomé - Togo",+228 93 26 36 00,6.2905,1.15427,"https://maps.google.com?daddr=6.2905,1.15427",Non spécifié
PHARMACIE ABRAHAM,Ouvert,"Route de Zanguéra, non loin du Camp GP, KossiganAgoè Logopé - 05 BP 812Lomé - Togo",+228 22 50 10 00,6.234725,1.175,"https://maps.google.com?daddr=6.234725,1.175",Lundi: 07H00 — 20H00 | Mardi: 07H00 — 20H00 | Mercredi: 07H00 — 20H00 | Jeudi: 07H00 — 20H00 | Vendredi: 07H00 — 20H00 | Samedi: 07H00 — 13H30 | Dimanche: Fermé
PHARMACIE ACTUELLE,Ouvert,"Route douane-Ségbé, face station YATT & COAdidogomé - BP 1226 loméLomé - Togo",+228 22 51 11 72,6.19175,1.1465,"https://maps.google.com?daddr=6.19175,1.1465",Lundi: 07H00 — 20H00 | Mardi: 07H00 — 20H00 | Mercredi: 07H00 — 20H00 | Jeudi: 07H00 — 20H00 | Vendredi: 07H00 — 20H00 | Samedi: 07H00 — 13H00 | Dimanche: Fermé
PHARMACIE ADIDOGOME,Ouvert,"Av. du 30 Août, face à la banque BSIC et au Camp du 2eme RIAdidogomé - 04 BP 224 LoméLomé - Togo",+228 22 51 18 91,6.18508333,1.1663,"https://maps.google.com?daddr=6.18508333,1.1663",Lundi: 07H00 — 20H00 | Mardi: 07H00 — 20H00 | Mercredi: 07H00 — 20H00 | Jeudi: 07H00 — 20H00 | Vendredi: 07H00 — 20H00 | Samedi: 07H00 — 13H00 | Dimanche: Fermé
PHARMACIE ADJOLOLO,Ouvert,"Rue de la charité, non loin de l'école française - NyekonakopeNyékonakpoè Adjololo - BP 4235Lomé - Togo",+228 22 21 05 13,6.12618056,1.2011,"https://maps.google.com?daddr=6.12618056,1.2011",Lundi: 07H00 — 20H00 | Mardi: 07H00 — 20H00 | Mercredi: 07H00 — 20H00 | Jeudi: 07H00 — 20H00 | Vendredi: 07H00 — 20H00 | Samedi: 07H00 — 13H00 | Dimanche: Fermé
PHARMACIE ADONAI,Ouvert,"Route National N°1, face agence Togocel d'Agoniévé, à côté de Fil o ParcAgoènyivé - BP 31003Lomé - Togo",+228 22 50 04 05,6.23194444,1.2106,"https://maps.google.com?daddr=6.23194444,1.2106",Lundi: 07H00 — 20H00 | Mardi: 07H00 — 20H00 | Mercredi: 07H00 — 20H00 | Jeudi: 07H00 — 20H00 | Vendredi: 07H00 — 20H00 | Samedi: 07H00 — 13H00 | Dimanche: Fermé
PHARMACIE ADOUNI,Ouvert,A 500 mètres du carrefour AISEDAdidogomé - 15 BP 226 Lomé 15Lomé - Togo,+228 70 39 39 39,6.2185,1.14886,"https://maps.google.com?daddr=6.2185,1.14886",Lundi: 07H00 — 20H00 | Mardi: 07H00 — 20H00 | Mercredi: 07H00 — 20H00 | Jeudi: 07H00 — 20H00 | Vendredi: 07H00 — 20H00 | Samedi: 07H00 — 13H00 | Dimanche: Fermé
PHARMACIE AGBALEPEDOGAN GROUPE C,Ouvert,"323 Rue de la fraternité, à côté de l’EPP Agbalepedogan groupe CAgbalépédoganLomé - Togo",+228 99 98 20 87,6.18802778,1.1951,"https://maps.google.com?daddr=6.18802778,1.1951",Lundi: 07H00 — 20H00 | Mardi: 07H00 — 20H00 | Mercredi: 07H00 — 20H00 | Jeudi: 07H00 — 20H00 | Vendredi: 07H00 — 20H00 | Samedi: 07H00 — 13H00 | Dimanche: Fermé
PHARMACIE AGBEGNIGAN,Ouvert,"Av. de la libération, près de Bamaco - TokoinTokoin RamcoLomé - Togo",+228 70 20 00 00,6.14705556,1.2,"https://maps.google.com?daddr=6.14705556,1.2",Lundi: 07H00 — 20H00 | Mardi: 07H00 — 20H00 | Mercredi: 07H00 — 20H00 | Jeudi: 07H00 — 20H00 | Vendredi: 07H00 — 20H00 | Samedi: 07H00 — 13H00 | Dimanche: Fermé
PHARMACIE AJP,Ouvert,"Sur la rue d'Abolavé, non loin de l'institut scolaire le SouverainDjagbléLomé - Togo",+228 90 41 34 02,6.24916221,1.2905,"https://maps.google.com?daddr=6.24916221,1.2905",Lundi: 07H00 — 21H00 | Mardi: 07H00 — 21H00 | Mercredi: 07H00 — 21H00 | Jeudi: 07H00 — 21H00 | Vendredi: 07H00 — 21H00 | Samedi: 07H00 — 17H00 | Dimanche: Fermé
PHARMACIE AKOFA,Ouvert,"2030, Av. Maman N'danida, près de la station TOTALAmoutiévé - BP 514 loméLomé - Togo",+228 22 40 66 68,6.14319444,1.2298,"https://maps.google.com?daddr=6.14319444,1.2298",Lundi: 07H00 — 20H00 | Mardi: 07H00 — 20H00 | Mercredi: 07H00 — 20H00 | Jeudi: 07H00 — 20H00 | Vendredi: 07H00 — 20H00 | Samedi: 07H00 — 13H00 | Dimanche: Fermé
PHARMACIE ALTA,Ouvert,"Route Mission Tove, face à CCL, Agoé AnonkuiMaritimeLomé - Togo",+228 70 08 46 46,6.24291667,1.1865,"https://maps.google.com?daddr=6.24291667,1.1865",Lundi: 07H00 — 20H00 | Mardi: 07H00 — 20H00 | Mercredi: 07H00 — 20H00 | Jeudi: 07H00 — 20H00 | Vendredi: 07H00 — 20H00 | Samedi: 07H00 — 13H00 | Dimanche: Fermé
PHARMACIE AMEN,Ouvert,"Route de Kladjémé, à côté de l'Eglise CatholiqueAdétikopéLomé - Togo",+228 90 88 55 88,6.32019444,1.2234,"https://maps.google.com?daddr=6.32019444,1.2234",Lundi: 07H00 — 20H00 | Mardi: 07H00 — 20H00 | Mercredi: 07H00 — 20H00 | Jeudi: 07H00 — 20H00 | Vendredi: 07H00 — 20H00 | Samedi: 07H00 — 13H00 | Dimanche: Fermé
PHARMACIE AMESSIAME,Ouvert,"1558, Bd. Félix Houphouët-Boigny, près du Marché de Bè, à côté des feux tricolores - AmoutiveBè Pa de Souza - BP 61720Lomé - Togo",+228 22 21 49 74,6.14354722,1.2442,"https://maps.google.com?daddr=6.14354722,1.2442",Lundi: 07H00 — 20H00 | Mardi: 07H00 — 20H00 | Mercredi: 07H00 — 20H00 | Jeudi: 07H00 — 20H00 | Vendredi: 07H00 — 20H00 | Samedi: 07H00 — 13H00 | Dimanche: Fermé
PHARMACIE APOLLON,Ouvert,Non loin du Complexe Scolaire MAKAFUIAmadahomé - 08 BP 80507Lomé - Togo,+228 22 31 01 07,6.20283333,1.1,"https://maps.google.com?daddr=6.20283333,1.1",Lundi: 07H00 — 20H00 | Mardi: 07H00 — 20H00 | Mercredi: 07H00 — 20H00 | Jeudi: 07H00 — 20H00 | Vendredi: 07H00 — 20H00 | Samedi: 07H00 — 13H00 | Dimanche: Fermé
PHARMACIE APOTHEKA,Ouvert,"5122, Bd. Jean Paul II, face siège Fédération Togolaise de FootballKégué - 03 BP 31124Lomé - Togo",+228 70 44 33 33,6.19558333,1.2,"https://maps.google.com?daddr=6.19558333,1.2",Lundi: 07H00 — 20H00 | Mardi: 07H00 — 20H00 | Mercredi: 07H00 — 20H00 | Jeudi: 07H00 — 20H00 | Vendredi: 07H00 — 20H00 | Samedi: 07H00 — 13H00 | Dimanche: Fermé
PHARMACIE APOU ANTOINE,Ouvert,"Non loin du Lycée Assiyéyé, en face de la Station Total AgoèAgoè Minamadou - 05 BP 495Lomé - Togo",+228 22 19 12 15,6.22380556,1.1925,"https://maps.google.com?daddr=6.22380556,1.1925",Lundi: 07H00 — 20H30 | Mardi: 07H00 — 20H30 | Mercredi: 07H00 — 20H30 | Jeudi: 07H00 — 20H30 | Vendredi: 07H00 — 20H30 | Samedi: 07H00 — 13H00 | Dimanche: Fermé
PHARMACIE ARC-EN-CIEL,Ouvert,"Route vakpo, non loin du carrefour MargotAgoè Téléssou - 05 BP 670Lomé - Togo",+228 22 42 50 00,6.21202778,1.1673,"https://maps.google.com?daddr=6.21202778,1.1673",Lundi: 07H00 — 20H00 | Mardi: 07H00 — 20H00 | Mercredi: 07H00 — 20H00 | Jeudi: 07H00 — 20H00 | Vendredi: 07H00 — 20H00 | Samedi: 07H00 — 13H00 | Dimanche: Fermé
PHARMACIE ASSURANCE,Ouvert,Route de la Nationale N° 1 non loin du marché d’AdétikopéAdétikopé - 10 BP 10019 LoméLomé - Togo,+228 96 82 76 76,6.32197222,1.2175,"https://maps.google.com?daddr=6.32197222,1.2175",Lundi: 07H00 — 20H00 | Mardi: 07H00 — 20H00 | Mercredi: 07H00 — 20H00 | Jeudi: 07H00 — 20H00 | Vendredi: 07H00 — 20H00 | Samedi: 07H00 — 13H00 | Dimanche: Fermé
PHARMACIE AUREOLE,Ouvert,Carrefour de l'école primaire du camp GPAgoè DaliméLomé - Togo,+228 22 55 96 43,6.23192482,1.1687,"https://maps.google.com?daddr=6.23192482,1.1687",Lundi: 07H00 — 20H00 | Mardi: 07H00 — 20H00 | Mercredi: 07H00 — 20H00 | Jeudi: 07H00 — 20H00 | Vendredi: 07H00 — 20H00 | Samedi: 07H00 — 13H00 | Dimanche: Fermé
PHARMACIE AURORE,Ouvert,"Lankouvi, non loin de l'école de la Divine providenceYokoèLomé - Togo",+228 71 00 75 75,6.17330765,1.1311,"https://maps.google.com?daddr=6.17330765,1.1311",Lundi: 07H00 — 20H00 | Mardi: 07H00 — 20H00 | Mercredi: 07H00 — 20H00 | Jeudi: 07H00 — 20H00 | Vendredi: 07H00 — 20H00 | Samedi: 07H00 — 13H00 | Dimanche: Fermé
PHARMACIE AVE MARIA,Ouvert,"Av de la victoire, face école des sages femmesTokoin Hôpital - BP 80283Lomé - Togo",+228 99 03 20 12,6.14402778,1.206,"https://maps.google.com?daddr=6.14402778,1.2060",Lundi: 07H30 — 20H00 | Mardi: 07H30 — 20H00 | Mercredi: 07H30 — 20H00 | Jeudi: 07H30 — 20H00 | Vendredi: 07H30 — 20H00 | Samedi: 07H30 — 13H00 | Dimanche: Fermé
PHARMACIE AVEPOZO,Ouvert,"Route Nationale N°2, A 600m du Restaurant Alice, En face du Frigo Sea FoodAvépozo - 04 BP 353Lomé - Togo",+228 22 27 04 86,6.16974444,1.3453,"https://maps.google.com?daddr=6.16974444,1.3453",Lundi: 07H00 — 20H00 | Mardi: 07H00 — 20H00 | Mercredi: 07H00 — 20H00 | Jeudi: 07H00 — 20H00 | Vendredi: 07H00 — 20H00 | Samedi: 07H00 — 13H00 | Dimanche: Fermé
PHARMACIE AZUR,Ouvert,"Non loin du carrefour Obena, Apédokoè-GbomaméLomé - Togo",+228 92 80 53 26,6.20038889,1.1321,"https://maps.google.com?daddr=6.20038889,1.1321",Lundi: 07H00 — 20H00 | Mardi: 07H00 — 20H00 | Mercredi: 07H00 — 20H00 | Jeudi: 07H00 — 20H00 | Vendredi: 07H00 — 20H00 | Samedi: 07H00 — 13H00 | Dimanche: Fermé
PHARMACIE BA-AYETA,Inconnu,"Bd. Jean Paul II, près de Oango, Kegue zogbedjiLomé - Togo",+228 71 32 33 33,6.218,1.249166,"https://maps.google.com?daddr=6.218,1.249166",Non spécifié
PHARMACIE BAGUIDA,Fermé,Rte Baguida-DévégBaguida - BP 60767Lomé - Togo,+228 22 35 47 77,6.1701,1.32581,"https://maps.google.com?daddr=6.1701,1.32581",Lundi: 02H55 — 14H55 | Mardi: 02H55 — 14H55 | Mercredi: 02H55 — 14H55 | Jeudi: 02H55 — 14H55 | Vendredi: 02H55 — 14H55 | Samedi: 02H55 — 14H55 | Dimanche: Fermé
PHARMACIE BAH,Ouvert,"2481, Bd. du Zio, Face EPP HédzranawoéHédzranawoé - 08 BP 20519 LoméLomé - Togo",+228 22 36 90 75,6.18708333,1.2376,"https://maps.google.com?daddr=6.18708333,1.2376",Lundi: 07H00 — 20H00 | Mardi: 07H00 — 20H00 | Mercredi: 07H00 — 20H00 | Jeudi: 07H00 — 20H00 | Vendredi: 07H00 — 20H00 | Samedi: 07H00 — 13H00 | Dimanche: 00H00 — 23H59
PHARMACIE BE KPEHENOU,Inconnu,Bd. Felix Houphouet BoignyBè Kpéhénou - BP 12470Lomé - Togo,+228 22 21 32 24,6.13847222,1.2368,"https://maps.google.com?daddr=6.13847222,1.2368",Non spécifié
PHARMACIE BEL AIR,Ouvert,"1, Rue du Commerce, non loin de l'Hôtel Palm BeachAdawlato - BP 13115Lomé - Togo",+228 22 21 03 21,6.12340278,1.2232,"https://maps.google.com?daddr=6.12340278,1.2232",Lundi: 08H00 — 19H00 | Mardi: 08H00 — 19H00 | Mercredi: 08H00 — 19H00 | Jeudi: 08H00 — 19H00 | Vendredi: 08H00 — 19H00 | Samedi: 08H00 — 13H00 | Dimanche: Fermé
PHARMACIE BENEDICTA AURORA,Inconnu,-Vogan - Togo,+228 96 80 09 58,6.3336659,1.52812,"https://maps.google.com?daddr=6.3336659,1.52812",Non spécifié
PHARMACIE BESDA,Ouvert,"Bd. 30 Août, Non loin de ANANIS et FilsAdidogomé - 04 BP 604 LoméLomé - Togo",+228 22 51 05 29,6.19580556,1.1542,"https://maps.google.com?daddr=6.19580556,1.1542",Lundi: 07H00 — 20H00 | Mardi: 07H00 — 20H00 | Mercredi: 07H00 — 20H00 | Jeudi: 07H00 — 20H00 | Vendredi: 07H00 — 20H00 | Samedi: 07H00 — 13H00 | Dimanche: Fermé
PHARMACIE BETANIA,Ouvert,"Rue SITO, non loin de la salle des Témoins de Jehovah - TotsiviGblinkomé - 18 BP 341 Lomé AvédjiLomé - Togo",+228 70 43 89 40,6.19388889,1.1797,"https://maps.google.com?daddr=6.19388889,1.1797",Lundi: 07H00 — 20H00 | Mardi: 07H00 — 20H00 | Mercredi: 07H00 — 20H00 | Jeudi: 07H00 — 20H00 | Vendredi: 07H00 — 20H00 | Samedi: 07H00 — 13H00 | Dimanche: Fermé
PHARMACIE BETHEL,Ouvert,"Bd. du 30 Août, face agence sanlamAflao-Soviépé - BP 1238Lomé - Togo",+228 22 41 30 48,6.17563889,1.1808,"https://maps.google.com?daddr=6.17563889,1.1808",Lundi: 07H00 — 20H00 | Mardi: 07H00 — 20H00 | Mercredi: 07H00 — 20H00 | Jeudi: 07H00 — 20H00 | Vendredi: 07H00 — 20H00 | Samedi: 08H00 — 13H00 | Dimanche: Fermé
PHARMACIE BIEN-ETRE,Ouvert,"Bd. du Haho, non loin de CIB-INTA, en face de la mairie Suprême Chin HaiHédzranawoé - BP 2933Lomé - Togo",+228 22 26 45 16,6.17969444,1.239,"https://maps.google.com?daddr=6.17969444,1.2390",Lundi: 07H00 — 20H00 | Mardi: 07H00 — 20H00 | Mercredi: 07H00 — 20H00 | Jeudi: 07H00 — 20H00 | Vendredi: 07H00 — 20H00 | Samedi: Fermé | Dimanche: Fermé
PHARMACIE BIOVA,Ouvert,"Bd. Félix Houphouet Boigny, Rnon loin de la clinique BarouetGbényédji - 06 BP 61347Lomé - Togo",+228 70 23 19 23,6.15094444,1.2605,"https://maps.google.com?daddr=6.15094444,1.2605",Lundi: 07H00 — 20H00 | Mardi: 07H00 — 20H00 | Mercredi: 07H00 — 20H00 | Jeudi: 07H00 — 20H00 | Vendredi: 07H00 — 20H00 | Samedi: 07H00 — 13H00 | Dimanche: Fermé
PHARMACIE BON PASTEUR,Ouvert,"40, Av. de la Libération, Non loin de la Cms Sainte BAKHITAAssivito - BP 13485 loméLomé - Togo",+228 22 21 13 67,6.12909444,1.2243,"https://maps.google.com?daddr=6.12909444,1.2243",Lundi: 07H30 — 20H00 | Mardi: 07H30 — 20H00 | Mercredi: 07H30 — 20H00 | Jeudi: 07H30 — 20H00 | Vendredi: 07H30 — 20H00 | Samedi: 07H30 — 20H00 | Dimanche: Fermé
PHARMACIE BON SECOURS,Ouvert,"Rue de l'Est Mono, dans la von du Collège Plateau, en face de Global Services GTTokoin Cassablanca - BP 8526Lomé - Togo",+228 70 45 74 76,6.15372222,1.2036,"https://maps.google.com?daddr=6.15372222,1.2036",Lundi: 07H00 — 20H00 | Mardi: 07H00 — 20H00 | Mercredi: 07H00 — 20H00 | Jeudi: 07H00 — 20H00 | Vendredi: 07H00 — 20H00 | Samedi: Fermé | Dimanche: Fermé
PHARMACIE CAMPUS,Ouvert,"Bd de la Kara, à côté de UTBTokoin DoumassésséLomé - Togo",+228 93 38 08 84,6.16283333,1.2133,"https://maps.google.com?daddr=6.16283333,1.2133",Lundi: 07H00 — 20H00 | Mardi: 07H00 — 20H00 | Mercredi: 07H00 — 20H00 | Jeudi: 07H00 — 20H00 | Vendredi: 07H00 — 20H00 | Samedi: 07H00 — 13H00 | Dimanche: Fermé
PHARMACIE CHINOISE,Ouvert,En face du CampAdidogomé - s/c BP 1222Lomé - Togo,+228 92 11 33 77,6.18651667,1.1647,"https://maps.google.com?daddr=6.18651667,1.1647",Lundi: 07H00 — 20H00 | Mardi: 07H00 — 20H00 | Mercredi: 07H00 — 20H00 | Jeudi: 07H00 — 20H00 | Vendredi: 07H00 — 20H00 | Samedi: Fermé | Dimanche: Fermé
PHARMACIE CHRIST ROI,Ouvert,"Rue Haute tension, face Fucec KagoméKagomé - BP 1409 LoméLomé - Togo",+228 22 27 46 66,6.16985,1.3006,"https://maps.google.com?daddr=6.16985,1.3006",Lundi: 07H00 — 20H00 | Mardi: 07H00 — 20H00 | Mercredi: 07H00 — 20H00 | Jeudi: 07H00 — 20H00 | Vendredi: 07H00 — 20H00 | Samedi: 07H00 — 13H00 | Dimanche: Fermé
PHARMACIE CITRUS,Ouvert,Yayrakomé Sur Le Grand ContournementAttiégouLomé - Togo,+228 22 57 32 32,6.20008333,1.2636,"https://maps.google.com?daddr=6.20008333,1.2636",Lundi: 07H00 — 20H00 | Mardi: 07H00 — 20H00 | Mercredi: 07H00 — 20H00 | Jeudi: 07H00 — 20H00 | Vendredi: 07H00 — 20H00 | Samedi: 07H00 — 13H00 | Dimanche: Fermé
PHARMACIE CLEMENCE,Ouvert,"Sur la route de la CEET, à droite de l'école la sourceAgoè RéserveLomé - Togo",+228 70 19 35 35,6.22002778,1.1994,"https://maps.google.com?daddr=6.22002778,1.1994",Lundi: 07H00 — 20H00 | Mardi: 07H00 — 20H00 | Mercredi: 07H00 — 20H00 | Jeudi: 07H00 — 20H00 | Vendredi: 07H00 — 20H00 | Samedi: Fermé | Dimanche: Fermé
PHARMACIE COMMUNAUTAIRE,Ouvert,"Derrière l'Eglise Catholique, En face de l'Ecole Primaire de KlikaméBè KlikaméLomé - Togo",+228 90 32 71 81,6.2180714,1.0772733,,Lundi: 07H00 — 17H30 | Mardi: 07H00 — 17H30 | Mercredi: 07H00 — 17H30 | Jeudi: 07H00 — 17H30 | Vendredi: 07H00 — 17H30 | Samedi: 07H00 — 12H00 | Dimanche: Fermé
PHARMACIE CONSEIL,Ouvert,"Route douane segbe, au carrefour Sagbado LogotéSagbadoLomé - Togo",+228 93 10 92 92,6.19413889,1.1288,"https://maps.google.com?daddr=6.19413889,1.1288",Lundi: 07H00 — 20H00 | Mardi: 07H00 — 20H00 | Mercredi: 07H00 — 20H00 | Jeudi: 07H00 — 20H00 | Vendredi: 07H00 — 20H00 | Samedi: 07H00 — 13H00 | Dimanche: Fermé
PHARMACIE CRISTAL,Ouvert,"2214, Bd. Félix Houphouet Boigny, face EPP Bè AklassouBè Houvémé - 05 BP 216Lomé - Togo",+228 22 20 90 91,6.147325,1.248938,"https://maps.google.com?daddr=6.147325,1.248938",Lundi: 07H00 — 20H00 | Mardi: 07H00 — 20H00 | Mercredi: 07H00 — 20H00 | Jeudi: 07H00 — 20H00 | Vendredi: 07H00 — 20H00 | Samedi: 07H00 — 13H00 | Dimanche: Fermé
PHARMACIE D'AKODESSEWA,Ouvert,"Bd. Mobutu Séssé Séko, non loin du feux tricolores akodessewaMaritime - BP 1814 loméLomé - Togo",+228 22 27 45 75,6.15319444,1.2673,"https://maps.google.com?daddr=6.15319444,1.2673",Lundi: 07H00 — 20H00 | Mardi: 07H00 — 20H00 | Mercredi: 07H00 — 20H00 | Jeudi: 07H00 — 20H00 | Vendredi: 07H00 — 20H00 | Samedi: 07H00 — 13H00 | Dimanche: Fermé
PHARMACIE D'ANEHO-WOEZON,Inconnu,"Carrefour 13 Janvier, Sur la Route Aneho-Anfoin, Amadoté, BP 130Aného - Togo",+228 22 48 19 69,6.237404,1.612598,"https://maps.google.com?daddr=6.237404,1.612598",Non spécifié
PHARMACIE DAFEANNE,Ouvert,Non loin de Pater volontasAgoè SogbossitoLomé - Togo,+228 92 62 44 44,6.2459851,1.1710671,,Lundi: 07H00 — 20H00 | Mardi: 07H00 — 20H00 | Mercredi: 07H00 — 20H00 | Jeudi: 07H00 — 20H00 | Vendredi: 07H00 — 20H00 | Samedi: 07H00 — 13H00 | Dimanche: Fermé
PHARMACIE DE KODJOVIAKOPE,Ouvert,"1112, Av. de Duisburg, Non loin du Feux Rouge - KodjoviakopeKodjoviakopé - BP 3697Lomé - Togo",+228 22 21 89 90,6.1217977,1.20917,"https://maps.google.com?daddr=6.1217977,1.20917",Lundi: 07H00 — 20H00 | Mardi: 07H00 — 20H00 | Mercredi: 07H00 — 20H00 | Jeudi: 07H00 — 20H00 | Vendredi: 07H00 — 20H00 | Samedi: 07H00 — 13H00 | Dimanche: Fermé
PHARMACIE DE L'AEROPORT,Inconnu,"631, Bd. du Haho, Sito AéroportHédzranawoé - 01 BP 3717 Lomé 01Lomé - Togo",+228 22 26 21 22,6.16902778,1.2456,"https://maps.google.com?daddr=6.16902778,1.2456",Non spécifié
PHARMACIE DE L'AMITIE,Ouvert,"72, Av. des Hydrocarbures, non loin de la Station T-OilTokoin Soted - BP 8648Lomé - Togo",+228 22 21 74 47,6.15383333,1.2228,"https://maps.google.com?daddr=6.15383333,1.2228",Lundi: 07H30 — 19H00 | Mardi: 07H30 — 19H00 | Mercredi: 07H30 — 19H00 | Jeudi: 07H30 — 19H00 | Vendredi: 07H30 — 19H00 | Samedi: 07H30 — 12H00 | Dimanche: Fermé
PHARMACIE DE L'EDEN,Ouvert,"Route d'Aného, face Cité BaguidaBaguida - 03 BP 3295 Lomé 03Lomé - Togo",+228 22 27 53 55,6.16131111,1.3156,"https://maps.google.com?daddr=6.16131111,1.3156",Lundi: 07H00 — 20H00 | Mardi: 07H00 — 20H00 | Mercredi: 07H00 — 20H00 | Jeudi: 07H00 — 20H00 | Vendredi: 07H00 — 20H00 | Samedi: 07H00 — 13H00 | Dimanche: Fermé
PHARMACIE DE L'ESPERANCE,Ouvert,"Av. Joseph Strauss, Rue de I'Ogou, en face du Lycée FrançaisNyékonakpoé - BP 719Lomé - Togo",+228 22 21 01 28,6.13047222,1.1968,"https://maps.google.com?daddr=6.13047222,1.1968",Lundi: 07H00 — 20H00 | Mardi: 07H00 — 20H00 | Mercredi: 07H00 — 20H00 | Jeudi: 07H00 — 20H00 | Vendredi: 07H00 — 20H00 | Samedi: 07H00 — 13H00 | Dimanche: Fermé
PHARMACIE DE L'ESPOIR,Ouvert,Derrière la MairieKara - BP 443Kara - Togo,+228 26 60 14 15,9.54712632,1.1892,"https://maps.google.com?daddr=9.54712632,1.1892",Lundi: 07H00 — 20H00 | Mardi: 07H00 — 20H00 | Mercredi: 07H00 — 20H00 | Jeudi: 07H00 — 20H00 | Vendredi: 07H00 — 20H00 | Samedi: 07H00 — 13H00 | Dimanche: Fermé
PHARMACIE DE L'OCAM,Inconnu,"30, Rue de l'Entente ou Rue de l' OCAMBP 3697Lomé - Togo",+228 22 21 62 05,6.13013611,1.2393,"https://maps.google.com?daddr=6.13013611,1.2393",Non spécifié
PHARMACIE DE L'UNION,Ouvert,Bd. de l'oti face au rond point kpota cimétièreBè Kpota - 01 BP 2735Lomé - Togo,+228 22 27 71 64,6.16038889,1.2,"https://maps.google.com?daddr=6.16038889,1.2",Lundi: 07H00 — 20H00 | Mardi: 07H00 — 20H00 | Mercredi: 07H00 — 20H00 | Jeudi: 07H00 — 20H00 | Vendredi: 07H00 — 20H00 | Samedi: 07H00 — 13H00 | Dimanche: Fermé
PHARMACIE DE LA CHARITE,Ouvert,"Route d'Assiyéyé, non loin de CEG Agoé CentreAgoè Assiyéyé - BP 7856Lomé - Togo",+228 22 25 12 60,6.22566667,1.2049,"https://maps.google.com?daddr=6.22566667,1.2049",Lundi: 07H00 — 20H00 | Mardi: 07H00 — 20H00 | Mercredi: 07H00 — 20H00 | Jeudi: 07H00 — 20H00 | Vendredi: 07H00 — 20H00 | Samedi: 07H00 — 13H00 | Dimanche: Fermé
PHARMACIE DE LA CITE,Ouvert,"Bd. du 30 Août, face à la LONATO, Cité Maman N'danidaAvénou - BP 8461Lomé - Togo",+228 22 25 01 25,6.1713,1.19008,"https://maps.google.com?daddr=6.1713,1.19008",Lundi: 07H00 — 20H00 | Mardi: 07H00 — 20H00 | Mercredi: 07H00 — 20H00 | Jeudi: 07H00 — 20H00 | Vendredi: 07H00 — 20H00 | Samedi: 07H00 — 13H00 | Dimanche: Fermé
PHARMACIE DE LA CONFIANCE,Ouvert,"Av. de la Chance, face GTAAgbalépédo - BP 8574Lomé - Togo",+228 70 15 78 46,6.191509,1.208355,"https://maps.google.com?daddr=6.191509,1.208355",Lundi: 07H00 — 20H00 | Mardi: 07H00 — 20H00 | Mercredi: 07H00 — 20H00 | Jeudi: 07H00 — 20H00 | Vendredi: 07H00 — 20H00 | Samedi: 07H00 — 13H00 | Dimanche: Fermé
PHARMACIE DE LA GARE,Ouvert,En face du Grand MarchéPlateaux - BP 290Kpalimé - Togo,+228 24 41 01 20,6.90690795,0.6339,"https://maps.google.com?daddr=6.90690795,0.6339",Lundi: 07H00 — 19H00 | Mardi: 07H00 — 19H00 | Mercredi: 07H00 — 19H00 | Jeudi: 07H00 — 19H00 | Vendredi: 07H00 — 19H00 | Samedi: 07H00 — 13H00 | Dimanche: Fermé
PHARMACIE DE LA LIBERATION,Ouvert,"199, Av. de la Libération, Angle Rue Warani, à côté de l'OPSTokoin Ramco - BP 12045Lomé - Togo",+228 22 22 25 25,6.1536,1.21719,"https://maps.google.com?daddr=6.1536,1.21719",Lundi: 07H00 — 19H30 | Mardi: 07H00 — 19H30 | Mercredi: 07H00 — 19H30 | Jeudi: 07H00 — 19H30 | Vendredi: 07H00 — 19H30 | Samedi: 07H00 — 13H00 | Dimanche: Fermé
PHARMACIE DE LA MAIRIE,Ouvert,"39, Av. Nicolas Grunitzky, face à la MairieNyékonakpoé - BP 3295Lomé - Togo",+228 22 21 26 39,6.13126667,1.2146,"https://maps.google.com?daddr=6.13126667,1.2146",Lundi: 07H00 — 20H00 | Mardi: 07H00 — 20H00 | Mercredi: 07H00 — 20H00 | Jeudi: 07H00 — 20H00 | Vendredi: 07H00 — 20H00 | Samedi: 07H30 — 13H00 | Dimanche: Fermé
PHARMACIE DE LA MARINA,Ouvert,Boulevard du Mono RN2 Lome TogoKodjoviakopé - 13 BP 134Lomé - Togo,+228 22 21 48 46,6.11369556,1.2003,"https://maps.google.com?daddr=6.11369556,1.2003",Lundi: 00H00 — 23H59 | Mardi: 00H00 — 23H59 | Mercredi: 00H00 — 23H59 | Jeudi: 00H00 — 23H59 | Vendredi: 00H00 — 23H59 | Samedi: 00H00 — 23H59 | Dimanche: 00H00 — 23H59
PHARMACIE DE LA NATION,Ouvert,"Rue livingstone, Av. de PyaTotsi - BP 81232Lomé - Togo",+228 22 25 99 65,6.19222222,1.1909,"https://maps.google.com?daddr=6.19222222,1.1909",Lundi: 07H00 — 20H00 | Mardi: 07H00 — 20H00 | Mercredi: 07H00 — 20H00 | Jeudi: 07H00 — 20H00 | Vendredi: 07H00 — 20H00 | Samedi: 07H00 — 13H00 | Dimanche: Fermé
PHARMACIE DE LA PAIX,Ouvert,"Av. Akei, à l'entrée sud de la caisse, residence du BéninBP 1152 loméLomé - Togo",+228 22 26 40 91,6.16925,1.2259,"https://maps.google.com?daddr=6.16925,1.2259",Lundi: 07H00 — 20H00 | Mardi: 07H00 — 20H00 | Mercredi: 07H00 — 20H00 | Jeudi: 07H00 — 20H00 | Vendredi: 07H00 — 20H00 | Samedi: 07H00 — 13H00 | Dimanche: Fermé
PHARMACIE DE LA PROVIDENCE,Ouvert,"79, Bd. Jean Paul II, à côté de CECATokoin Nukafu - 01 BP 440 Lomé 01Lomé - Togo",+228 22 26 66 48,6.16069444,1.2338,"https://maps.google.com?daddr=6.16069444,1.2338",Lundi: 07H00 — 20H00 | Mardi: 07H00 — 20H00 | Mercredi: 07H00 — 20H00 | Jeudi: 07H00 — 20H00 | Vendredi: 07H00 — 20H00 | Samedi: 07H00 — 13H00 | Dimanche: Fermé
PHARMACIE DE LA VICTOIRE,Ouvert,"Non loin des Rails, Avédji wessoméAvédji - 18 BP 278Lomé - Togo",+228 70 45 74 92,6.19266389,1.1714,"https://maps.google.com?daddr=6.19266389,1.1714",Lundi: 07H00 — 20H00 | Mardi: 07H00 — 20H00 | Mercredi: 07H00 — 20H00 | Jeudi: 07H00 — 20H00 | Vendredi: 07H00 — 20H00 | Samedi: 07H00 — 13H00 | Dimanche: Fermé
PHARMACIE DE SEGBE,Ouvert,"Route douane-Ségbé, à côté de l'EPP SégbéLomé - Togo",+228 92 59 49 35,6.19127778,1.1212,"https://maps.google.com?daddr=6.19127778,1.1212",Lundi: 07H00 — 20H00 | Mardi: 07H00 — 20H00 | Mercredi: 07H00 — 20H00 | Jeudi: 07H00 — 20H00 | Vendredi: 07H00 — 20H00 | Samedi: 07H00 — 13H00 | Dimanche: Fermé
PHARMACIE DE TCHAOUDJO,Ouvert,"Place du grand Marché, ZongoBP 295Sokodé - Togo",+228 25 50 02 45,,,,Lundi: 07H00 — 20H00 | Mardi: 07H00 — 20H00 | Mercredi: 07H00 — 20H00 | Jeudi: 07H00 — 20H00 | Vendredi: 07H00 — 20H00 | Samedi: 07H00 — 13H00 | Dimanche: Fermé
PHARMACIE DELALI,Ouvert,Face Hopital District 5 - AgbalepedoganAgoè Cacavéli - 04 BP 225 Lomé 04Lomé - Togo,+228 22 34 23 96,6.20779444,1.1952,"https://maps.google.com?daddr=6.20779444,1.1952",Lundi: 07H00 — 20H00 | Mardi: 07H00 — 20H00 | Mercredi: 07H00 — 20H00 | Jeudi: 07H00 — 20H00 | Vendredi: 07H00 — 20H00 | Samedi: 07H00 — 13H00 | Dimanche: Fermé
PHARMACIE DENIS,Ouvert,Au carrefour KPOGBI à droiteAgoèLomé - Togo,+228 93 08 46 40,6.24763889,1.1,"https://maps.google.com?daddr=6.24763889,1.1",Lundi: 07H00 — 20H00 | Mardi: 07H00 — 20H00 | Mercredi: 07H00 — 20H00 | Jeudi: 07H00 — 20H00 | Vendredi: 07H00 — 20H00 | Samedi: 07H00 — 13H00 | Dimanche: Fermé
PHARMACIE DEO GRATIAS,Ouvert,"Rue Kpatcha, à 200mKégué - BP 1128 LoméLomé - Togo",+228 96 80 08 93,6.20680125,1.2389,"https://maps.google.com?daddr=6.20680125,1.2389",Lundi: 07H00 — 20H00 | Mardi: 07H00 — 20H00 | Mercredi: 07H00 — 20H00 | Jeudi: 07H00 — 20H00 | Vendredi: 07H00 — 20H00 | Samedi: 07H00 — 13H00 | Dimanche: Fermé
PHARMACIE DES APOTRES,Ouvert,"49, Bd. Mobutu Séssé Séko, non loin de Don BoscoAkodésséwa - 18 BP 332Lomé - Togo",+228 70 45 38 05,6.14608333,1.2663,"https://maps.google.com?daddr=6.14608333,1.2663",Lundi: 07H00 — 20H00 | Mardi: 07H00 — 20H00 | Mercredi: 07H00 — 20H00 | Jeudi: 07H00 — 20H00 | Vendredi: 07H00 — 20H00 | Samedi: 07H00 — 13H00 | Dimanche: Fermé
PHARMACIE DES ECOLES,Ouvert,30 Aout face lycée techniqueAdidogomé - 04 BP 74 LoméLomé - Togo,+228 22 51 75 75,6.19208056,1.1583,"https://maps.google.com?daddr=6.19208056,1.1583",Lundi: 07H00 — 20H00 | Mardi: 07H00 — 20H00 | Mercredi: 07H00 — 20H00 | Jeudi: 07H00 — 20H00 | Vendredi: 07H00 — 20H00 | Samedi: 07H00 — 13H00 | Dimanche: Fermé
PHARMACIE DES ETOILES,Ouvert,"10, Av. de la Nouvelle MarcheBP 3484Lomé - Togo",+228 22 22 45 04,6.1319574,1.220332,"https://maps.google.com?daddr=6.132,1.",Lundi: 07H00 — 20H00 | Mardi: 07H00 — 20H00 | Mercredi: 07H00 — 20H00 | Jeudi: 07H00 — 20H00 | Vendredi: 07H00 — 20H00 | Samedi: 07H00 — 13H00 | Dimanche: Fermé
PHARMACIE DES LILAS,Ouvert,"7, Bd. Jean Paul II, non loin de l'ambassade du Gabon, face du camp Lomé 2Hédzranawoé - 03 BP 31000 lomé 03Lomé - Togo",+228 22 26 29 59,6.183,1.235333,"https://maps.google.com?daddr=6.183,1.235333",Lundi: 07H00 — 20H00 | Mardi: 07H00 — 20H00 | Mercredi: 07H00 — 20H00 | Jeudi: 07H00 — 20H00 | Vendredi: 07H00 — 20H00 | Samedi: 07H00 — 13H00 | Dimanche: Fermé
PHARMACIE DES ROSES,Ouvert,Carrefour de l'union à coté de la station CM TélessouVakpossito - 05 BP 854Lomé - Togo,+228 22 37 38 12,6.21891111,1.1691,"https://maps.google.com?daddr=6.21891111,1.1691",Lundi: 07H00 — 20H00 | Mardi: 07H00 — 20H00 | Mercredi: 07H00 — 20H00 | Jeudi: 07H00 — 20H00 | Vendredi: 07H00 — 20H00 | Samedi: 07H00 — 14H00 | Dimanche: Fermé
PHARMACIE DIEUDONNE,Ouvert,"Route de l'entreprise de l'union, à côté de CAP TéléssouAgoè Téléssou - BP 7951Lomé - Togo",+228 23 38 07 44,6.21575,1.1722,"https://maps.google.com?daddr=6.21575,1.1722",Lundi: 07H00 — 20H00 | Mardi: 07H00 — 20H00 | Mercredi: 07H00 — 20H00 | Jeudi: 07H00 — 20H00 | Vendredi: 07H00 — 20H00 | Samedi: 07H00 — 13H00 | Dimanche: Fermé
PHARMACIE DIVINA GRACIA,Ouvert,"Route de Zanguéra, von face au marché, au carrefour Cool KatchéAgoè Fiovi - 13 BP 52 loméLomé - Togo",+228 22 45 79 69,6.20869444,1.1993,"https://maps.google.com?daddr=6.20869444,1.1993",Lundi: 07H00 — 20H00 | Mardi: 07H00 — 20H00 | Mercredi: 07H00 — 20H00 | Jeudi: 07H00 — 20H00 | Vendredi: 07H00 — 20H00 | Samedi: 07H00 — 13H00 | Dimanche: Fermé
PHARMACIE DJIDJOLE,Ouvert,"Av. Pya, face à l'hôtel mboloaniDjidjolé - BP 8363Lomé - Togo",+228 22 25 65 12,6.18052222,1.1955,"https://maps.google.com?daddr=6.18052222,1.1955",Lundi: 07H00 — 19H00 | Mardi: 07H00 — 19H00 | Mercredi: 07H00 — 19H00 | Jeudi: 07H00 — 19H00 | Vendredi: 07H00 — 19H00 | Samedi: 07H00 — 13H00 | Dimanche: Fermé
PHARMACIE DODJI,Ouvert,"Route de Ségbé, Immeuble Akato Plage, non loin de l'Église Catholique d'AkatoSégbéLomé - Togo",+228 70 29 16 77,6.18769444,1.1054,"https://maps.google.com?daddr=6.18769444,1.1054",Lundi: 07H00 — 20H00 | Mardi: 07H00 — 20H00 | Mercredi: 07H00 — 20H00 | Jeudi: 07H00 — 20H00 | Vendredi: 07H00 — 20H00 | Samedi: 07H00 — 13H00 | Dimanche: Fermé
PHARMACIE DU BOULEVARD,Ouvert,"Bd. du 13 Janvier, Rue Akrowa, Face à la direction NSIA BanqueDékon - BP 1073 LoméLomé - Togo",+228 22 21 65 49,6.135026,1.2277211,"https://maps.google.com?daddr=6.1362,1",Lundi: 07H30 — 20H00 | Mardi: 07H30 — 20H00 | Mercredi: 07H30 — 20H00 | Jeudi: 07H30 — 20H00 | Vendredi: 07H30 — 20H00 | Samedi: 07H30 — 13H00 | Dimanche: Fermé
PHARMACIE DU CAMPUS,Ouvert,"1299, Bd. de la Kara, à côté de UTBTokoin Doumasséssé - BP 20217Lomé - Togo",+228 22 21 56 32,6.163,1.0,"https://maps.google.com?daddr=6.163,1.",Lundi: 07H00 — 20H30 | Mardi: 07H00 — 20H30 | Mercredi: 07H00 — 20H30 | Jeudi: 07H00 — 20H30 | Vendredi: 07H00 — 20H30 | Samedi: 07H00 — 13H00 | Dimanche: Fermé
PHARMACIE DU CENTRE,Ouvert,"46, Rue de la Gare, à côté de la Banque Atlantique, en face du WATTAssivito - BP 373Lomé - Togo",+228 22 21 83 30,6.12833333,1.2217,"https://maps.google.com?daddr=6.12833333,1.2217",Lundi: 07H30 — 19H30 | Mardi: 07H30 — 19H30 | Mercredi: 07H30 — 19H30 | Jeudi: 07H30 — 19H30 | Vendredi: 07H30 — 19H30 | Samedi: 07H30 — 13H00 | Dimanche: Fermé
PHARMACIE DU CHATEAU D'EAU,Ouvert,"Av. Augustino de Souza, carrefour Bè châteauBè Château - BP 60141Lomé - Togo",+228 96 80 08 88,6.13719722,1.2489,"https://maps.google.com?daddr=6.13719722,1.2489",Lundi: 06H45 — 20H00 | Mardi: 06H45 — 20H00 | Mercredi: 06H45 — 20H00 | Jeudi: 06H45 — 20H00 | Vendredi: 06H45 — 20H00 | Samedi: 06H45 — 20H00 | Dimanche: Fermé
PHARMACIE DU GRAND MARCHE,Ouvert,"27, Angle rue du Grand Marché, Av. de la Libération, non loin du CMS Sainte Bakhita01BP 376 Lomé 01Lomé - Togo",+228 22 21 26 36,6.12575,1.2,"https://maps.google.com?daddr=6.12575,1.2",Lundi: 07H30 — 19H00 | Mardi: 07H30 — 19H00 | Mercredi: 07H30 — 19H00 | Jeudi: 07H30 — 19H00 | Vendredi: 07H30 — 19H00 | Samedi: 07H30 — 19H00 | Dimanche: Fermé
PHARMACIE DU GRAND PLATEAU,Inconnu,"Agbonou, atakpamé à côté du marché des fruitsLomé - Togo",+228 70 53 34 81,6.8214851,1.1781504,,Non spécifié
PHARMACIE DU MILLENAIRE,Ouvert,654Q+QR6MaritimeLomé - Togo,+228 22 51 64 31,6.206914,1.189,"https://maps.google.com?daddr=6.206914,1.189",Lundi: 07H30 — 18H00 | Mardi: 07H30 — 18H00 | Mercredi: 07H30 — 18H00 | Jeudi: 07H30 — 18H00 | Vendredi: 07H30 — 18H00 | Samedi: 07H30 — 18H00 | Dimanche: Fermé
PHARMACIE DU NOUVEAU MARCHE KARA,Ouvert,BP 32 KaraKaraKara - Togo,+228 93 27 77 77,9.5561244,1.19182,"https://maps.google.com?daddr=9.5561244,1.19182",Lundi: 07H00 — 20H00 | Mardi: 07H00 — 20H00 | Mercredi: 07H00 — 20H00 | Jeudi: 07H00 — 20H00 | Vendredi: 07H00 — 20H00 | Samedi: Fermé | Dimanche: Fermé
PHARMACIE DU PEUPLE,Ouvert,Rue Santigou - NoukafouTokoin Nukafu - BP 61217Lomé - Togo,+228 22 26 84 22,6.1589,1.23833,"https://maps.google.com?daddr=6.1589,1.23833",Lundi: 07H00 — 20H00 | Mardi: 07H00 — 20H00 | Mercredi: 07H00 — 20H00 | Jeudi: 07H00 — 20H00 | Vendredi: 07H00 — 20H00 | Samedi: 07H00 — 13H00 | Dimanche: Fermé
PHARMACIE DU POINT-E,Inconnu,"506, Rue 129, Aflao GakliDjidjolé - 08 BP 8589Lomé - Togo",+228 22 51 91 71,6.18153611,1.1906,"https://maps.google.com?daddr=6.18153611,1.1906",Non spécifié
PHARMACIE DU PORT,Ouvert,"Bd. du Mono, Face hôtel SARAKAWAAblogamé - BP 12999Lomé - Togo",+228 22 27 10 78,6.1382,1.26,"https://maps.google.com?daddr=6.1382,1.26",Lundi: 07H00 — 20H00 | Mardi: 07H00 — 20H00 | Mercredi: 07H00 — 20H00 | Jeudi: 07H00 — 20H00 | Vendredi: 07H00 — 20H00 | Samedi: 07H00 — 13H00 | Dimanche: Fermé
PHARMACIE DU ZIO,Ouvert,"National N°1, en face l’Eglise Catholique, après la station d'essenceBP 48Tsévié - Togo",+228 23 30 41 30,6.4277535,1.20668,"https://maps.google.com?daddr=6.4277535,1.20668",Lundi: 07H00 — 20H00 | Mardi: 07H00 — 20H00 | Mercredi: 07H00 — 20H00 | Jeudi: 07H00 — 20H00 | Vendredi: 07H00 — 20H00 | Samedi: 07H00 — 13H00 | Dimanche: Fermé
PHARMACIE ECLAIR,Ouvert,"Rue Avévonou, près du marché Ahligo - AblogameBè Ahligo - BP 3924Lomé - Togo",+228 22 22 75 11,6.14249444,1.2569,"https://maps.google.com?daddr=6.14249444,1.2569",Lundi: 07H00 — 20H00 | Mardi: 07H00 — 20H00 | Mercredi: 07H00 — 20H00 | Jeudi: 07H00 — 20H00 | Vendredi: 07H00 — 20H00 | Samedi: 07H00 — 13H00 | Dimanche: Fermé
PHARMACIE EL SHADAI,Ouvert,"Av. de la chance, à côté de la poste, face ESTAOAtikoumé - 22 BP 32 LoméLomé - Togo",+228 96 80 09 10,6.16947222,1.203,"https://maps.google.com?daddr=6.16947222,1.2030",Lundi: 07H00 — 20H00 | Mardi: 07H00 — 20H00 | Mercredi: 07H00 — 20H00 | Jeudi: 07H00 — 20H00 | Vendredi: 07H00 — 20H00 | Samedi: 07H00 — 20H00 | Dimanche: 07H00 — 13H00
PHARMACIE EL SHAMMAH,Ouvert,Derrière la maison des jeunesAmadahoméLomé - Togo,+228 90 28 29 89,6.20894444,1.1599,"https://maps.google.com?daddr=6.20894444,1.1599",Lundi: 07H00 — 20H00 | Mardi: 07H00 — 20H00 | Mercredi: 07H00 — 20H00 | Jeudi: 07H00 — 20H00 | Vendredi: 07H00 — 20H00 | Samedi: 07H00 — 14H00 | Dimanche: Fermé
PHARMACIE EL-NISSI,Ouvert,Non loin de la base de EhomafAdidogoméLomé - Togo,+228 70 17 97 08,6.21308333,1.1344,"https://maps.google.com?daddr=6.21308333,1.1344",Lundi: 07H00 — 20H00 | Mardi: 07H00 — 20H00 | Mercredi: 07H00 — 20H00 | Jeudi: 07H00 — 20H00 | Vendredi: 07H00 — 20H00 | Samedi: 07H00 — 13H00 | Dimanche: Fermé
PHARMACIE EL-SALI,Ouvert,"Rue du 30 Aout, à 150m de Maco, en allant vers KpaliméAtilamonouLomé - Togo",+228 70 12 44 44,6.22013889,1.1251,"https://maps.google.com?daddr=6.22013889,1.1251",Lundi: 07H00 — 20H00 | Mardi: 07H00 — 20H00 | Mercredi: 07H00 — 20H00 | Jeudi: 07H00 — 20H00 | Vendredi: 07H00 — 20H00 | Samedi: 07H00 — 13H00 | Dimanche: Fermé
PHARMACIE ELEMAWUSSI,Ouvert,"Nationale N°1, avant PIA à droite en allant vers Tservie, adétikopé-medinaAdétikopé - 08 BP 8310 LoméLomé - Togo",+228 92 34 06 80,6.33730556,1.207,"https://maps.google.com?daddr=6.33730556,1.2070",Lundi: 07H00 — 20H00 | Mardi: 07H00 — 20H00 | Mercredi: 07H00 — 20H00 | Jeudi: 07H00 — 20H00 | Vendredi: 07H00 — 20H00 | Samedi: 07H00 — 13H00 | Dimanche: Fermé
PHARMACIE ELI-BERACA,Ouvert,"Bd. du 30 Août, en face de la poste, Imm. SIKOVICAdidogomé - 04 BP 96Lomé - Togo",+228 22 51 99 61,6.180725,1.172083,"https://maps.google.com?daddr=6.180725,1.172083",Lundi: 07H00 — 20H00 | Mardi: 07H00 — 20H00 | Mercredi: 07H00 — 20H00 | Jeudi: 07H00 — 20H00 | Vendredi: 07H00 — 20H00 | Samedi: 07H00 — 13H00 | Dimanche: Fermé
PHARMACIE ELSAM,Inconnu,"En face de LYATA, Carrefour Y, immeuble CIB-INTAAtakpamé - Togo",+228 71 56 00 00,6.2090094,0.0063413,,Non spécifié
PHARMACIE EMMANUEL,Ouvert,"637, Av. Duisbourg, face Eglise Christ RoiKodjoviakopé - BP 12440 LoméLomé - Togo",+228 22 21 30 98,6.12016667,1.2,"https://maps.google.com?daddr=6.12016667,1.2",Lundi: 07H00 — 20H00 | Mardi: 07H00 — 20H00 | Mercredi: 07H00 — 20H00 | Jeudi: 07H00 — 20H00 | Vendredi: 07H00 — 20H00 | Samedi: 07H30 — 13H00 | Dimanche: Fermé
PHARMACIE EMMAUS,Ouvert,"Route de Mission-Tové, non loin de la Station TotalAgoè Assiyéyé - BP 20492Lomé - Togo",+228 70 40 25 40,6.23593445,1.194,"https://maps.google.com?daddr=6.23593445,1.1940",Lundi: 07H00 — 20H00 | Mardi: 07H00 — 20H00 | Mercredi: 07H00 — 20H00 | Jeudi: 07H00 — 20H00 | Vendredi: 07H00 — 20H00 | Samedi: 07H00 — 13H00 | Dimanche: Fermé
PHARMACIE ENOULI,Ouvert,Rue de la Gare Routière coté nord-ouestAgbalépédogan - BP 8613Lomé - Togo,+228 22 25 90 68,6.20057222,1.2015,"https://maps.google.com?daddr=6.20057222,1.2015",Lundi: 07H00 — 20H00 | Mardi: 07H00 — 20H00 | Mercredi: 07H00 — 20H00 | Jeudi: 07H00 — 20H00 | Vendredi: 07H00 — 20H00 | Samedi: 07H00 — 13H00 | Dimanche: Fermé
PHARMACIE EPIPHANIA,Ouvert,"Rue Lapampa, carrefour AgbémadonAdidogomé - 04 BP 30446Lomé - Togo",+228 22 25 02 62,6.18053333,1.1635,"https://maps.google.com?daddr=6.18053333,1.1635",Lundi: 07H00 — 20H00 | Mardi: 07H00 — 20H00 | Mercredi: 07H00 — 20H00 | Jeudi: 07H00 — 20H00 | Vendredi: 07H00 — 20H00 | Samedi: 07H00 — 13H00 | Dimanche: Fermé
PHARMACIE ESPACE VIE,Ouvert,Rue koshigan menant à l'entreprise de l'union située entre BKS2 et Fabrik briquesAgoè Logopé - BP 81538Lomé - Togo,+228 22 32 87 20,6.22944444,1.1779,"https://maps.google.com?daddr=6.22944444,1.1779",Lundi: 07H00 — 20H00 | Mardi: 07H00 — 20H00 | Mercredi: 07H00 — 20H00 | Jeudi: 07H00 — 20H00 | Vendredi: 07H00 — 20H00 | Samedi: 07H00 — 13H00 | Dimanche: Fermé
PHARMACIE EVA SARL-U,Ouvert,"Face EPL les Bravaels, Non loin de T-Oil, Sanguéra KlikaméLomé - Togo",+228 92 16 32 32,6.24575,1.1,"https://maps.google.com?daddr=6.24575,1.1",Lundi: 07H00 — 21H00 | Mardi: 07H00 — 21H00 | Mercredi: 07H00 — 21H00 | Jeudi: 07H00 — 21H00 | Vendredi: 07H00 — 21H00 | Samedi: 07H00 — 15H00 | Dimanche: Fermé
PHARMACIE EXCELLENCE,Ouvert,Grand contournement carrefour Seperepe juste après la passerelle allant vers SogbossitoAgoè Démakpoé - 05 BP 977Lomé - Togo,+228 93 27 95 54,6.24269444,1.1981,"https://maps.google.com?daddr=6.24269444,1.1981",Lundi: 07H00 — 20H00 | Mardi: 07H00 — 20H00 | Mercredi: 07H00 — 20H00 | Jeudi: 07H00 — 20H00 | Vendredi: 07H00 — 20H00 | Samedi: 07H00 — 13H00 | Dimanche: Fermé
PHARMACIE FIDOKPUI,Inconnu,"Route de Fidokpui, non loin de chateau, Agoè FidokpuiMaritimeLomé - Togo",+228 70 08 69 62,6.25844444,1.2214,"https://maps.google.com?daddr=6.25844444,1.2214",Non spécifié
PHARMACIE FOREVER,Ouvert,"Avenue Kondona, non loin de garage CentralTokoin Forever - 01 BP 4884 Lomé 01Lomé - Togo",+228 91 00 29 17,6.15952778,1.2263,"https://maps.google.com?daddr=6.15952778,1.2263",Lundi: 07H00 — 20H00 | Mardi: 07H00 — 20H00 | Mercredi: 07H00 — 20H00 | Jeudi: 07H00 — 20H00 | Vendredi: 07H00 — 20H00 | Samedi: 07H00 — 13H00 | Dimanche: Fermé
PHARMACIE GANFAT,Ouvert,"Rue. atiomé, après le carrefour Edem28 BP 215 LOME 28Lomé - Togo",+228 70 22 15 15,6.23733333,1.1627,"https://maps.google.com?daddr=6.23733333,1.1627",Lundi: 07H00 — 20H00 | Mardi: 07H00 — 20H00 | Mercredi: 07H00 — 20H00 | Jeudi: 07H00 — 20H00 | Vendredi: 07H00 — 20H00 | Samedi: 07H00 — 13H00 | Dimanche: Fermé
PHARMACIE GBEZE,Ouvert,"Feu rouge Novissi, Jean Paul IITokoin Novissi - BP 30035Lomé - Togo",+228 22 26 32 61,6.17107778,1.2346,"https://maps.google.com?daddr=6.17107778,1.2346",Lundi: 07H00 — 20H00 | Mardi: 07H00 — 20H00 | Mercredi: 07H00 — 20H00 | Jeudi: 07H00 — 20H00 | Vendredi: 07H00 — 20H00 | Samedi: 07H00 — 13H00 | Dimanche: Fermé
PHARMACIE GRATITUDE,Ouvert,Grand contournement non loin du carrefour avinato à 100m de la clinique OASISAgoè LégbassitoLomé - Togo,+228 92 18 94 85,6.2645,1.13602,"https://maps.google.com?daddr=6.2645,1.13602",Lundi: 07H00 — 20H00 | Mardi: 07H00 — 20H00 | Mercredi: 07H00 — 20H00 | Jeudi: 07H00 — 20H00 | Vendredi: 07H00 — 20H00 | Samedi: 07H00 — 13H00 | Dimanche: Fermé
PHARMACIE GREEN RX,Ouvert,Av. Route de segbe près du rond point douaneSégbéLomé - Togo,+228 92 96 19 19,6.1923607,1.1119537,,Lundi: 07H00 — 21H00 | Mardi: 07H00 — 21H00 | Mercredi: 07H00 — 21H00 | Jeudi: 07H00 — 21H00 | Vendredi: 07H00 — 21H00 | Samedi: 07H00 — 13H30 | Dimanche: Fermé
PHARMACIE GREENRX,Ouvert,"Route de SEGBE, non loin de rond point douane SégbéLomé - 08 BP 8781 - Togo",+228 92 96 19 19,6.19196,1.1108,"https://maps.google.com?daddr=6.19196,1.1108",Lundi: 07H00 — 20H30 | Mardi: 07H00 — 20H30 | Mercredi: 07H00 — 20H30 | Jeudi: 07H00 — 20H30 | Vendredi: 07H00 — 20H30 | Samedi: 07H00 — 13H30 | Dimanche: Fermé
PHARMACIE HANOUKOPE,Ouvert,"Rue de la Nouvelle Marche, non loin de la Radio Kanal FmHanoukopé - BP 13922Lomé - Togo",+228 22 21 01 15,6.13713333,1.2188,"https://maps.google.com?daddr=6.13713333,1.2188",Lundi: 07H00 — 20H30 | Mardi: 07H00 — 20H30 | Mercredi: 07H00 — 20H30 | Jeudi: 07H00 — 20H30 | Vendredi: 07H00 — 20H30 | Samedi: 07H00 — 13H30 | Dimanche: Fermé
PHARMACIE HEDZRANAWOE,Ouvert,"Av. du Grand Seminaire, non loin de l'agence Fucec TogoHédzranawoé - BP 20326Lomé - Togo",+228 96 80 09 27,6.17969444,1.2,"https://maps.google.com?daddr=6.17969444,1.2",Lundi: 07H00 — 20H00 | Mardi: 07H00 — 20H00 | Mercredi: 07H00 — 20H00 | Jeudi: 07H00 — 20H00 | Vendredi: 07H00 — 20H00 | Samedi: 07H00 — 13H00 | Dimanche: Fermé
PHARMACIE HELENE,Ouvert,"Route de Vogan, face au marché d'AvétaDjagbléLomé - Togo",+228 96 98 15 15,6.27199666,1.2898,"https://maps.google.com?daddr=6.27199666,1.2898",Lundi: 07H00 — 21H00 | Mardi: 07H00 — 21H00 | Mercredi: 07H00 — 21H00 | Jeudi: 07H00 — 21H00 | Vendredi: 07H00 — 21H00 | Samedi: 07H00 — 17H00 | Dimanche: Fermé
PHARMACIE HOPITAL,Ouvert,Rue face à l'entrée CHU OlympiaTokoin Hôpital - BP 12045Lomé - Togo,+228 22 20 08 08,6.14444444,1.2091,"https://maps.google.com?daddr=6.14444444,1.2091",Lundi: 07H00 — 20H00 | Mardi: 07H00 — 20H00 | Mercredi: 07H00 — 20H00 | Jeudi: 07H00 — 20H00 | Vendredi: 07H00 — 20H00 | Samedi: 07H00 — 13H00 | Dimanche: Fermé
PHARMACIE HORIZON,Ouvert,"08, Bd. du 13 Janvier, à côté de Domingo, en face des Sapeurs PompiersNyékonakpoé - 08 BP 81726Lomé - Togo",+228 22 20 42 42,6.12895,1.2107,"https://maps.google.com?daddr=6.12895,1.2107",Lundi: 07H00 — 20H00 | Mardi: 07H00 — 20H00 | Mercredi: 07H00 — 20H00 | Jeudi: 07H00 — 20H00 | Vendredi: 07H00 — 20H00 | Samedi: 07H00 — 13H00 | Dimanche: Fermé
PHARMACIE HOSANNA,Ouvert,Carrefour Sagbado Sémékonawo en face de la Station-Service SanolSagbado - 05 BP 77Lomé - Togo,+228 92 53 50 00,6.19383611,1.1378,"https://maps.google.com?daddr=6.19383611,1.1378",Lundi: 07H00 — 20H30 | Mardi: 07H00 — 20H30 | Mercredi: 07H00 — 20H30 | Jeudi: 07H00 — 20H30 | Vendredi: 07H00 — 20H30 | Samedi: 07H00 — 13H00 | Dimanche: Fermé
PHARMACIE HYGEA,Ouvert,Face au Lycée de BaguidaBaguidaLomé - Togo,+228 99 27 36 36,6.17841667,1.33,"https://maps.google.com?daddr=6.17841667,1.3300",Lundi: 07H00 — 20H00 | Mardi: 07H00 — 20H00 | Mercredi: 07H00 — 20H00 | Jeudi: 07H00 — 20H00 | Vendredi: 07H00 — 20H00 | Samedi: 07H00 — 13H00 | Dimanche: Fermé
PHARMACIE INTERNATIONALE,Ouvert,"1180, Bd. du Haho, près du marché, non loin de Coris BankHédzranawoé - BP 1344Lomé - Togo",+228 71 00 09 09,6.18322945,1.241,"https://maps.google.com?daddr=6.18322945,1.2410",Lundi: 07H00 — 20H00 | Mardi: 07H00 — 20H00 | Mercredi: 07H00 — 20H00 | Jeudi: 07H00 — 20H00 | Vendredi: 07H00 — 20H00 | Samedi: 07H00 — 13H00 | Dimanche: Fermé
PHARMACIE IRIS,Ouvert,Non loin de CAP amadahomé allant vers les railsAmadahoméLomé - Togo,+228 91 68 48 04,6.20288889,1.1612,"https://maps.google.com?daddr=6.20288889,1.1612",Lundi: 07H00 — 20H00 | Mardi: 07H00 — 20H00 | Mercredi: 07H00 — 20H00 | Jeudi: 07H00 — 20H00 | Vendredi: 07H00 — 20H00 | Samedi: 07H00 — 20H00 | Dimanche: Fermé
PHARMACIE ISIS,Ouvert,"Bd Jean Paul II, face CEMTokoin Nukafu - BP 80121Lomé - Togo",+228 70 44 83 87,6.15775,1.2333,"https://maps.google.com?daddr=6.15775,1.2333",Lundi: 07H00 — 20H00 | Mardi: 07H00 — 20H00 | Mercredi: 07H00 — 20H00 | Jeudi: 07H00 — 20H00 | Vendredi: 07H00 — 20H00 | Samedi: 07H00 — 13H00 | Dimanche: Fermé
PHARMACIE JAHNAP,Ouvert,Av. Pya à côté de l'EPP aflao gahliDjidjolé - BP 81221Lomé - Togo,+228 22 51 22 86,6.18333333,1.1862,"https://maps.google.com?daddr=6.18333333,1.1862",Lundi: 07H00 — 20H00 | Mardi: 07H00 — 20H00 | Mercredi: 07H00 — 20H00 | Jeudi: 07H00 — 20H00 | Vendredi: 07H00 — 20H00 | Samedi: 07H00 — 13H00 | Dimanche: Fermé
PHARMACIE JEANNE D'ARC,Ouvert,"Bd. du momo, Imm Bay Marina, face à la merBéniglato - BP 1012 loméLomé - Togo",+228 22 22 08 01,6.12727778,1.2358,"https://maps.google.com?daddr=6.12727778,1.2358",Lundi: 07H00 — 20H00 | Mardi: 07H00 — 20H00 | Mercredi: 07H00 — 20H00 | Jeudi: 07H00 — 20H00 | Vendredi: 07H00 — 20H00 | Samedi: 07H00 — 13H00 | Dimanche: Fermé
PHARMACIE JUSTINE,Ouvert,"291, Bd. des ArméesTokoin Habitat - 08 BP 8021Lomé - Togo",+228 22 21 00 01,6.14705,1.2069,"https://maps.google.com?daddr=6.14705,1.2069",Lundi: 08H00 — 20H00 | Mardi: 08H00 — 20H00 | Mercredi: 08H00 — 20H00 | Jeudi: 08H00 — 20H00 | Vendredi: 08H00 — 20H00 | Samedi: 08H00 — 13H00 | Dimanche: Fermé
PHARMACIE KARA CENTRE,Inconnu,Av. 13 JanvierBP 088Kara - Togo,+228 26 61 03 64,9.55366007,1.1954,"https://maps.google.com?daddr=9.55366007,1.1954",Non spécifié
PHARMACIE KEGUE,Ouvert,"Rue Nazod, non loin de la Station KéguéKégué - 02 BP 20600 Lomé 02Lomé - Togo",+228 22 26 04 12,6.20947222,1.2413,"https://maps.google.com?daddr=6.20947222,1.2413",Lundi: 07H00 — 20H00 | Mardi: 07H00 — 20H00 | Mercredi: 07H00 — 20H00 | Jeudi: 07H00 — 20H00 | Vendredi: 07H00 — 20H00 | Samedi: 07H00 — 13H00 | Dimanche: Fermé
PHARMACIE KELEGOUGAN,Inconnu,"AGOUE KELEGOUGAN, Grand contournement, Non loin de totalLomé - Togo",+228 92 95 38 38,6.2200101,1.2364752,https://maps.google.com?daddr,Non spécifié
PHARMACIE KETAO,Ouvert,"A 100m à droite après cap, ketaoLomé - Togo",+228 70 29 03 70,6.1943458,1.1825489,,Lundi: 07H00 — 21H00 | Mardi: 07H00 — 21H00 | Mercredi: 07H00 — 21H00 | Jeudi: 07H00 — 21H00 | Vendredi: 07H00 — 21H00 | Samedi: 07H00 — 13H00 | Dimanche: Fermé
PHARMACIE KLOKPE,Ouvert,"Derrière Foire, TOGO 2000AttiégouLomé - Togo",+228 96 80 10 03,6.1913,1.26079,"https://maps.google.com?daddr=6.1913,1.26079",Lundi: 07H00 — 20H00 | Mardi: 07H00 — 20H00 | Mercredi: 07H00 — 20H00 | Jeudi: 07H00 — 20H00 | Vendredi: 07H00 — 20H00 | Samedi: 07H00 — 13H00 | Dimanche: Fermé
PHARMACIE KOBOYO,Inconnu,"Davié, route de la nationale n°1, avant le péage de TsevieTsévié - 03 BP 30360 - Togo",+228 93 70 34 78,6.3509944,1.2117276,,Non spécifié
PHARMACIE KOUESSAN,Ouvert,"Bd. Jean Paul II, Face au stade de KéguéKégué - BP 80857Lomé - Togo",+228 22 52 11 90,6.20355556,1.2418,"https://maps.google.com?daddr=6.20355556,1.2418",Lundi: 07H00 — 19H00 | Mardi: 07H00 — 19H00 | Mercredi: 07H00 — 19H00 | Jeudi: 07H00 — 19H00 | Vendredi: 07H00 — 19H00 | Samedi: 09H00 — 12H00 | Dimanche: Fermé
PHARMACIE KOZAH,Ouvert,"Kpinboua, face BCEAOKara - Togo",+228 26 60 61 66,9.549366,1.189666,,Lundi: 07H00 — 20H00 | Mardi: 07H00 — 20H00 | Mercredi: 07H00 — 20H00 | Jeudi: 07H00 — 20H00 | Vendredi: 07H00 — 20H00 | Samedi: 07H00 — 13H00 | Dimanche: Fermé
PHARMACIE LA BARAKA,Ouvert,A côté de l'école LA BRUYÈRE non loin du camp GPAgoè Logopé - 05 BP 666Lomé - Togo,+228 90 17 49 28,6.2421044,1.1686,"https://maps.google.com?daddr=6.2421044,1.16860",Lundi: 07H00 — 20H00 | Mardi: 07H00 — 20H00 | Mercredi: 07H00 — 20H00 | Jeudi: 07H00 — 20H00 | Vendredi: 07H00 — 20H00 | Samedi: 07H00 — 13H00 | Dimanche: Fermé
PHARMACIE LA FLAMME D'AMOUR,Ouvert,"Bd du Mono Près de SANOL, AgodékèLomé - Togo",+228 70 45 70 14,6.17669444,1.3685,"https://maps.google.com?daddr=6.17669444,1.3685",Lundi: 07H00 — 20H00 | Mardi: 07H00 — 20H00 | Mercredi: 07H00 — 20H00 | Jeudi: 07H00 — 20H00 | Vendredi: 07H00 — 20H00 | Samedi: 07H00 — 13H00 | Dimanche: Fermé
PHARMACIE LA FRATERNITE,Ouvert,"72, Bd. du Haho, Près de la Clinique St Joseph, à côté de CIB-INTAHédzranawoé - 08 BP 80326 Lomé 08Lomé - Togo",+228 22 26 81 55,6.17346389,1.241,"https://maps.google.com?daddr=6.17346389,1.2410",Lundi: 07H00 — 20H00 | Mardi: 07H00 — 20H00 | Mercredi: 07H00 — 20H00 | Jeudi: 07H00 — 20H00 | Vendredi: 07H00 — 20H00 | Samedi: 07H00 — 13H00 | Dimanche: Fermé
PHARMACIE LA MAIN DE DIEU,Ouvert,"Bd CEDEAO, Non loin l'église AD AssiyéyéAgoè Assiyéyé - 13 BP 523 LoméLomé - Togo",+228 93 40 21 21,6.23498611,1.2003,"https://maps.google.com?daddr=6.23498611,1.2003",Lundi: 07H00 — 20H00 | Mardi: 07H00 — 20H00 | Mercredi: 07H00 — 20H00 | Jeudi: 07H00 — 20H00 | Vendredi: 07H00 — 20H00 | Samedi: 07H00 — 20H00 | Dimanche: Fermé
PHARMACIE LA MISERICORDE,Ouvert,"1012, Bd. de l'Oti, non loin de la station MRSBè Kpota - BP 8223Lomé - Togo",+228 96 80 09 45,6.15683333,1.2526,"https://maps.google.com?daddr=6.15683333,1.2526",Lundi: 07H00 — 20H00 | Mardi: 07H00 — 20H00 | Mercredi: 07H00 — 20H00 | Jeudi: 07H00 — 20H00 | Vendredi: 07H00 — 20H00 | Samedi: 07H00 — 13H00 | Dimanche: Fermé
PHARMACIE LA NOUVELLE TULIPE,Ouvert,"Voie du grand contournement à coté de CAP ahonkpoè, agoè-légbassitoMaritime - BP 12026 LoméLomé - Togo",+228 99 47 00 70,6.26083333,1.1,"https://maps.google.com?daddr=6.26083333,1.1",Lundi: 07H00 — 20H00 | Mardi: 07H00 — 20H00 | Mercredi: 07H00 — 20H00 | Jeudi: 07H00 — 20H00 | Vendredi: 07H00 — 20H00 | Samedi: 07H00 — 13H00 | Dimanche: Fermé
PHARMACIE LA PATIENCE,Ouvert,A 300m du CMS de DjagbléDjagblé - BP 8111Lomé - Togo,+228 70 05 23 39,6.26036111,1.2,"https://maps.google.com?daddr=6.26036111,1.2",Lundi: 07H00 — 21H00 | Mardi: 07H00 — 21H00 | Mercredi: 07H00 — 21H00 | Jeudi: 07H00 — 21H00 | Vendredi: 07H00 — 21H00 | Samedi: 07H00 — 17H00 | Dimanche: Fermé
PHARMACIE LA PROSPERITE,Ouvert,"Bd Eyadema, non loin de Eda ObaTokoin Lycée - 08 BP 80272 Lomé 08Lomé - Togo",+228 70 44 86 96,6.15285278,1.2294,"https://maps.google.com?daddr=6.15285278,1.2294",Lundi: 07H00 — 20H00 | Mardi: 07H00 — 20H00 | Mercredi: 07H00 — 20H00 | Jeudi: 07H00 — 20H00 | Vendredi: 07H00 — 20H00 | Samedi: 07H00 — 13H00 | Dimanche: Fermé
PHARMACIE LA REFERENCE,Inconnu,"Bd. du 30 Août, Route de Kpalimé, à côté du Bar MadibaAdidogomé Assiyéyé - BP 31227Lomé - Togo",+228 22 51 12 12,6.20044444,1.1487,"https://maps.google.com?daddr=6.20044444,1.1487",Non spécifié
PHARMACIE LA RUCHE,Ouvert,Attiègou non loin de école les sAttiégouLomé - Togo,+228 91 54 16 16,6.18886111,1.2554,"https://maps.google.com?daddr=6.18886111,1.2554",Lundi: 07H00 — 20H00 | Mardi: 07H00 — 20H00 | Mercredi: 07H00 — 20H00 | Jeudi: 07H00 — 20H00 | Vendredi: 07H00 — 20H00 | Samedi: 07H00 — 13H00 | Dimanche: Fermé
PHARMACIE LA SCHEKINAH,Ouvert,"Rue Zanguéra menant à Amadenta, Carrefour EPP AmadentaLomé - Togo",+228 93 33 92 05,6.24775,1.1398,"https://maps.google.com?daddr=6.24775,1.1398",Lundi: 07H00 — 20H00 | Mardi: 07H00 — 20H00 | Mercredi: 07H00 — 20H00 | Jeudi: 07H00 — 20H00 | Vendredi: 07H00 — 20H00 | Samedi: 07H00 — 13H00 | Dimanche: Fermé
PHARMACIE LA TULIPE,Ouvert,"Bd. Notre Dame des Apôtres, Non loin de Fucec de bè marchéBè Kpéhénou - BP 12026Lomé - Togo",+228 22 21 07 22,6.14042222,1.2408,"https://maps.google.com?daddr=6.14042222,1.2408",Lundi: 07H00 — 20H00 | Mardi: 07H00 — 20H00 | Mercredi: 07H00 — 20H00 | Jeudi: 07H00 — 20H00 | Vendredi: 07H00 — 20H00 | Samedi: 07H00 — 13H00 | Dimanche: Fermé
PHARMACIE LA VIE,Inconnu,"Près du Marche, en face de l'hôpital de NotsèBP 90Notsè - Togo",+228 24 42 01 27,6.2292979,0.601278,,Non spécifié
PHARMACIE LAFIA,Inconnu,KofakBP 500Kara - Togo,+228 26 60 04 34,9.5475227,1.1945205,,Non spécifié
PHARMACIE LAUS DEO,Ouvert,"Rte de Léo 2000, face à la Clinique Bethesda, prés de Millénium Gym CenterAdidoadin - 05 BP 21Lomé - Togo",+228 22 25 15 05,6.20705556,1.1831,"https://maps.google.com?daddr=6.20705556,1.1831",Lundi: 07H00 — 20H00 | Mardi: 07H00 — 20H00 | Mercredi: 07H00 — 20H00 | Jeudi: 07H00 — 20H00 | Vendredi: 07H00 — 20H00 | Samedi: 07H00 — 13H00 | Dimanche: Fermé
PHARMACIE LAVOISIER,Ouvert,"Route d’Atakpamé, Rond Point TEXACOKpalimé - Togo",+228 24 41 04 41,6.9099125,0.6318906,,Lundi: 07H00 — 20H00 | Mardi: 07H00 — 20H00 | Mercredi: 07H00 — 20H00 | Jeudi: 07H00 — 20H00 | Vendredi: 07H00 — 20H00 | Samedi: 07H00 — 13H00 | Dimanche: Fermé
PHARMACIE LAVOISIER JESPA,Inconnu,"Singa au rond point Texaco, KpaliméKpalimé - 260 BP 193 - Togo",+228 70 79 56 56,6.9099125,0.6318906,,Non spécifié
PHARMACIE LE DESTIN,Ouvert,"Route d'Aneho, Imm. ECOBANKBaguida - 01 BP 2691Lomé - Togo",+228 22 41 15 41,6.16444444,1.3271,"https://maps.google.com?daddr=6.16444444,1.3271",Lundi: 07H00 — 20H00 | Mardi: 07H00 — 20H00 | Mercredi: 07H00 — 20H00 | Jeudi: 07H00 — 20H00 | Vendredi: 07H00 — 20H00 | Samedi: 07H00 — 13H00 | Dimanche: Fermé
PHARMACIE LE GALIEN,Ouvert,Non loin de Jess HôtelAdidoadin - 05 BP 92Lomé - Togo,+228 22 51 71 71,6.20124722,1.1881,"https://maps.google.com?daddr=6.20124722,1.1881",Lundi: 07H00 — 20H00 | Mardi: 07H00 — 20H00 | Mercredi: 07H00 — 20H00 | Jeudi: 07H00 — 20H00 | Vendredi: 07H00 — 20H00 | Samedi: 07H00 — 13H00 | Dimanche: Fermé
PHARMACIE LE JOURDAIN,Ouvert,"Bd. Léopold Sedar Senghor, face CEG WuitiTokoin Wuiti - 03 BP 30766Lomé - Togo",+228 22 61 56 14,6.16775,1.2319,"https://maps.google.com?daddr=6.16775,1.2319",Lundi: 07H30 — 20H00 | Mardi: 07H30 — 20H00 | Mercredi: 07H30 — 20H00 | Jeudi: 07H30 — 20H00 | Vendredi: 07H30 — 20H00 | Samedi: 07H30 — 13H00 | Dimanche: Fermé
PHARMACIE LE PROGRES,Ouvert,"Grand contournement, en face de EPL Universel - KanyikopeAkodésséwa Kponou - 06 BP 60986Lomé - Togo",+228 22 35 86 55,6.16680556,1.2832,"https://maps.google.com?daddr=6.16680556,1.2832",Lundi: 07H00 — 20H00 | Mardi: 07H00 — 20H00 | Mercredi: 07H00 — 20H00 | Jeudi: 07H00 — 20H00 | Vendredi: 07H00 — 20H00 | Samedi: 07H00 — 13H00 | Dimanche: Fermé
PHARMACIE LE ROCHER,Ouvert,"Nationale N°1, Face hôpital Saint PelligriniAgoè ZongoLomé - Togo",+228 92 30 06 56,6.24633333,1.2093,"https://maps.google.com?daddr=6.24633333,1.2093",Lundi: 07H00 — 20H00 | Mardi: 07H00 — 20H00 | Mercredi: 07H00 — 20H00 | Jeudi: 07H00 — 20H00 | Vendredi: 07H00 — 20H00 | Samedi: 07H00 — 13H00 | Dimanche: Fermé
PHARMACIE LE SAUVEUR,Ouvert,Route de NassableBP 11Dapaong - Togo,+228 27 70 87 62,10.8688249,0.2022,"https://maps.google.com?daddr=10.8688249,0.2022",Lundi: 07H30 — 20H00 | Mardi: 07H30 — 20H30 | Mercredi: 07H30 — 20H30 | Jeudi: 07H30 — 20H30 | Vendredi: 07H30 — 20H30 | Samedi: 08H00 — 12H30 | Dimanche: Fermé
PHARMACIE LIDDY,Ouvert,"Route de Bernard Kopé, Près de la station CAP, Agoè DikaméLomé - Togo",+228 70 90 19 60,6.24155556,1.2,"https://maps.google.com?daddr=6.24155556,1.2",Lundi: 07H00 — 20H00 | Mardi: 07H00 — 20H00 | Mercredi: 07H00 — 20H00 | Jeudi: 07H00 — 20H00 | Vendredi: 07H00 — 20H00 | Samedi: 07H00 — 13H00 | Dimanche: Fermé
PHARMACIE LUMEN,Ouvert,Face EPP DJAGBLEDjagblé - 01 BP 29Lomé - Togo,+228 70 41 68 36,6.25116499,1.2817,"https://maps.google.com?daddr=6.25116499,1.2817",Lundi: 07H00 — 21H00 | Mardi: 07H00 — 21H00 | Mercredi: 07H00 — 21H00 | Jeudi: 07H00 — 21H00 | Vendredi: 07H00 — 21H00 | Samedi: 07H00 — 17H00 | Dimanche: Fermé
PHARMACIE LUMIERE,Ouvert,"Bd. CEDEAO, carrefour œufAgbalépédo - 01 BP 225 Lomé 01Lomé - Togo",+228 22 25 15 26,6.20130556,1.1951,"https://maps.google.com?daddr=6.20130556,1.1951",Lundi: 07H00 — 20H00 | Mardi: 07H00 — 20H00 | Mercredi: 07H00 — 20H00 | Jeudi: 07H00 — 20H00 | Vendredi: 07H00 — 20H00 | Samedi: 07H00 — 13H00 | Dimanche: Fermé
PHARMACIE M'BA,Ouvert,Mission tové à 200m du CEBAgoè LégbassitoLomé - Togo,+228 70 27 81 81,6.27169444,1.1488,"https://maps.google.com?daddr=6.27169444,1.1488",Lundi: 07H00 — 20H00 | Mardi: 07H00 — 20H00 | Mercredi: 07H00 — 20H00 | Jeudi: 07H00 — 20H00 | Vendredi: 07H00 — 20H00 | Samedi: 07H00 — 13H00 | Dimanche: Fermé
PHARMACIE MAA-LA,Ouvert,"à côté de l'école la Référence, grand carrefour de DémakpoèAgoè Démakpoé - BP 81171Lomé - Togo",+228 79 78 50 50,6.24027579,1.2039,"https://maps.google.com?daddr=6.24027579,1.2039",Lundi: 07H00 — 20H00 | Mardi: 07H00 — 20H00 | Mercredi: 07H00 — 20H00 | Jeudi: 07H00 — 20H00 | Vendredi: 07H00 — 20H00 | Samedi: 07H00 — 13H00 | Dimanche: Fermé
PHARMACIE MADINA,Ouvert,"Bd. Jean Paul II, située entre UTB Novissi et Togo assistanceHédzranawoéLomé - Togo",+228 99 99 78 58,6.17530556,1.2342,"https://maps.google.com?daddr=6.17530556,1.2342",Lundi: 07H00 — 20H00 | Mardi: 07H00 — 20H00 | Mercredi: 07H00 — 20H00 | Jeudi: 07H00 — 20H00 | Vendredi: 07H00 — 20H00 | Samedi: 07H00 — 13H00 | Dimanche: Fermé
PHARMACIE MAGNIFICAT,Ouvert,"Route la Pampa, au carrefour dans l'immeuuble du complexe scolaire les championsAdidogomé - 08 BP 81688Lomé - Togo",+228 70 44 51 59,6.1795,1.15038,"https://maps.google.com?daddr=6.1795,1.15038",Lundi: 07H00 — 20H00 | Mardi: 07H00 — 20H00 | Mercredi: 07H00 — 20H00 | Jeudi: 07H00 — 20H00 | Vendredi: 07H00 — 20H00 | Samedi: 07H00 — 13H00 | Dimanche: Fermé
PHARMACIE MAINA,Ouvert,"Rue Massalassi, près de l'Hôpital Source de vieGblinkomé - 13 BP 263Lomé - Togo",+228 70 43 65 34,6.19194444,1.1774,"https://maps.google.com?daddr=6.19194444,1.1774",Lundi: 07H30 — 20H00 | Mardi: 07H30 — 20H00 | Mercredi: 07H30 — 20H00 | Jeudi: 07H30 — 20H00 | Vendredi: 07H30 — 20H00 | Samedi: 07H30 — 13H00 | Dimanche: Fermé
PHARMACIE MATHILDA,Ouvert,"Rue des Evalas, à coté de l'ODEFAgbalépédo - 05 BP 524Lomé - Togo",+228 22 51 15 34,6.18241944,1.2001,"https://maps.google.com?daddr=6.18241944,1.2001",Lundi: 07H00 — 20H00 | Mardi: 07H00 — 20H00 | Mercredi: 07H00 — 20H00 | Jeudi: 07H00 — 20H00 | Vendredi: 07H00 — 20H00 | Samedi: 07H00 — 13H00 | Dimanche: Fermé
PHARMACIE MAWULE,Ouvert,"Bd. de l'Oti, 54, Rue 117, Ront Point Gakpoto, à droite à 20m en allant vers KpotaBè Kpota - BP 4908Lomé - Togo",+228 22 27 11 21,6.15295556,1.245,"https://maps.google.com?daddr=6.15295556,1.2450",Lundi: 07H00 — 20H00 | Mardi: 07H00 — 20H00 | Mercredi: 07H00 — 20H00 | Jeudi: 07H00 — 20H00 | Vendredi: 07H00 — 20H00 | Samedi: 07H00 — 13H00 | Dimanche: Fermé
PHARMACIE MAWUNYO,Ouvert,Non loin de la Station OANDOAgoè Sogbossito - BP 4908Lomé - Togo,+228 98 23 38 30,6.255,1.171277,"https://maps.google.com?daddr=6.255,1.171277",Lundi: 00H00 — 00H00 | Mardi: 00H00 — 00H00 | Mercredi: 00H00 — 00H00 | Jeudi: 00H00 — 00H00 | Vendredi: 00H00 — 00H00 | Samedi: 00H00 — 00H00 | Dimanche: 00H00 — 00H00
PHARMACIE MILLENAIRE,Ouvert,A côté de super RAMCOAgbalépédo - 05 BP 64 Lomé 05Lomé - Togo,+228 22 51 64 31,6.20688889,1.1895,"https://maps.google.com?daddr=6.20688889,1.1895",Lundi: 07H00 — 20H00 | Mardi: 07H00 — 20H00 | Mercredi: 07H00 — 20H00 | Jeudi: 07H00 — 20H00 | Vendredi: 07H00 — 20H00 | Samedi: 07H00 — 13H00 | Dimanche: Fermé
PHARMACIE NABINE,Ouvert,Non loin du bar le PlateauAgoè AnoméLomé - Togo,+228 23 21 66 15,6.21806667,1.1828,"https://maps.google.com?daddr=6.21806667,1.1828",Lundi: 07H00 — 20H00 | Mardi: 07H00 — 20H00 | Mercredi: 07H00 — 20H00 | Jeudi: 07H00 — 20H00 | Vendredi: 07H00 — 20H00 | Samedi: 07H00 — 13H00 | Dimanche: Fermé
PHARMACIE NELLY'S,Ouvert,"Route Sanguera Segbé, non loin du château d'eau, Kleme-AgokpanouLomé - Togo",+228 92 01 11 00,6.21425,1.112,"https://maps.google.com?daddr=6.21425,1.1120",Lundi: 07H00 — 20H00 | Mardi: 07H00 — 20H00 | Mercredi: 07H00 — 20H00 | Jeudi: 07H00 — 20H00 | Vendredi: 07H00 — 20H00 | Samedi: 07H00 — 20H00 | Dimanche: Fermé
PHARMACIE NOTRE DAME,Ouvert,"Rue 177 HDN, En face de la Rue 158 HDN, à côté de la maison du HadjHédzranawoé - 16 BP 363 Lomé 16Lomé - Togo",+228 22 42 74 04,6.18244444,1.2551,"https://maps.google.com?daddr=6.18244444,1.2551",Lundi: 07H00 — 20H00 | Mardi: 07H00 — 20H00 | Mercredi: 07H00 — 20H00 | Jeudi: 07H00 — 20H00 | Vendredi: 07H00 — 20H00 | Samedi: 07H00 — 20H00 | Dimanche: 07H00 — 13H00
PHARMACIE NOTRE DAME DE LA TRINITE,Ouvert,"32, Bd. de la Paix, non loin de la direction de Moov AfricaSuper-Taco - BP 60154Lomé - Togo",+228 92 13 26 00,6.15159964,1.2389,"https://maps.google.com?daddr=6.15159964,1.2389",Lundi: 07H00 — 20H00 | Mardi: 07H00 — 20H00 | Mercredi: 07H00 — 20H00 | Jeudi: 07H00 — 20H00 | Vendredi: 07H00 — 20H00 | Samedi: 07H00 — 13H00 | Dimanche: Fermé
PHARMACIE NOTRE DAME DE LOURDES,Ouvert,"Bd. de la CEDEAO, face à Stam TogoAgoè Anomé - 05 BP 107Lomé - Togo",+228 22 55 19 64,6.21319444,1.1887,"https://maps.google.com?daddr=6.21319444,1.1887",Lundi: 07H00 — 20H00 | Mardi: 07H00 — 20H00 | Mercredi: 07H00 — 20H00 | Jeudi: 07H00 — 20H00 | Vendredi: 07H00 — 20H00 | Samedi: 07H00 — 13H00 | Dimanche: Fermé
PHARMACIE NOTRE DAME DE MEDJ,Inconnu,"Bd. du 13 Janvier, Angle Rue GaitouBè Pa de Souza - BP 80128Lomé - Togo",+228 22 20 56 94,6.1329722,1.23603,"https://maps.google.com?daddr=6.1329722,1.23603",Non spécifié
PHARMACIE NOUVELLE SOKODE,Ouvert,"Rte de Bassar, à côté de LANDOZBP 103Sokodé - Togo",+228 25 50 12 57,8.9870902,1.1361711,,Lundi: 07H00 — 20H00 | Mardi: 07H00 — 20H00 | Mercredi: 07H00 — 20H00 | Jeudi: 07H00 — 20H00 | Vendredi: 07H00 — 20H00 | Samedi: 07H00 — 13H00 | Dimanche: Fermé
PHARMACIE O GRAIN D'OR,Ouvert,"Carrefour Zorrobar, Grand contournementAhadji KpotaLomé - Togo",+228 22 70 06 90,6.15905556,1.2841,"https://maps.google.com?daddr=6.15905556,1.2841",Lundi: 07H00 — 20H00 | Mardi: 07H00 — 20H00 | Mercredi: 07H00 — 20H00 | Jeudi: 07H00 — 20H00 | Vendredi: 07H00 — 20H00 | Samedi: 07H00 — 20H00 | Dimanche: Fermé
PHARMACIE OBSERVANCE,Inconnu,Agoe Sogbossito en face de la station totalAgoè SogbossitoLomé - Togo,+228 22 50 48 60,6.25016667,1.1768,"https://maps.google.com?daddr=6.25016667,1.1768",Non spécifié
PHARMACIE OCEANE,Ouvert,"Rue Houlata, perpendiculaire à la Rue de l'ententeBè Souza Nétimé - BP 9214Lomé - Togo",+228 22 22 62 77,6.13336111,1.2464,"https://maps.google.com?daddr=6.13336111,1.2464",Lundi: 07H30 — 12H30 | Mardi: 07H30 — 12H30 | Mercredi: 07H30 — 12H30 | Jeudi: 07H30 — 12H30 | Vendredi: 07H30 — 12H30 | Samedi: 07H30 — 13H00 | Dimanche: Fermé
PHARMACIE ORIDA,Ouvert,"AV. de la nouvelle, face à probiomeph à 100m du feu rouge de gbadagoAgoè Cacavéli - 02 BP 20364 Lomé 02Lomé - Togo",+228 22 25 86 59,6.14869444,1.2151,"https://maps.google.com?daddr=6.14869444,1.2151",Lundi: 07H00 — 12H00 | Mardi: 07H00 — 12H00 | Mercredi: 07H00 — 12H00 | Jeudi: 07H00 — 12H00 | Vendredi: 07H00 — 12H00 | Samedi: 08H00 — 12H00 | Dimanche: Fermé
PHARMACIE OSSAN,Ouvert,"Carrefour d'Avédji, Face Imm. LimousineAvédji - BP 869Lomé - Togo",+228 70 40 44 25,6.20105556,1.1807,"https://maps.google.com?daddr=6.20105556,1.1807",Lundi: 07H00 — 20H00 | Mardi: 07H00 — 20H00 | Mercredi: 07H00 — 20H00 | Jeudi: 07H00 — 20H00 | Vendredi: 07H00 — 20H00 | Samedi: 07H00 — 13H00 | Dimanche: Fermé
PHARMACIE OUSIA POUR LA VIE,Ouvert,"964, Rue Tchamba, Face à SOGEA SATOMHountigoméLomé - Togo",+228 22 61 22 25,6.16891111,1.2401,"https://maps.google.com?daddr=6.16891111,1.2401",Lundi: 07H00 — 20H00 | Mardi: 07H00 — 20H00 | Mercredi: 07H00 — 20H00 | Jeudi: 07H00 — 20H00 | Vendredi: 07H00 — 20H00 | Samedi: 07H00 — 20H00 | Dimanche: Fermé
PHARMACIE PENIEL,Ouvert,"En face d'Orabank, Place du MarchéBP 32Atakpamé - Togo",+228 24 40 02 44,7.54969444,1.1221,"https://maps.google.com?daddr=7.54969444,1.1221",Lundi: 08H00 — 19H00 | Mardi: 08H00 — 19H00 | Mercredi: 08H00 — 19H00 | Jeudi: 08H00 — 19H00 | Vendredi: 08H00 — 19H00 | Samedi: Fermé | Dimanche: Fermé
PHARMACIE PERSEVERANCE,Inconnu,"Face à l'Agence FUCEC, Aprés le Cyber CIB INTABP 358Atakpamé - Togo",+228 24 42 75 14,6.9156404,0.6337423,,Non spécifié
PHARMACIE POPULAIRE,Ouvert,"27, Av. Sylvanus Olympio, non loin de l'ancienne gare routièreAdawlato - BP 847Lomé - Togo",+228 22 21 47 65,6.12535578,1.2282,"https://maps.google.com?daddr=6.12535578,1.2282",Lundi: 07H00 — 19H00 | Mardi: 07H00 — 19H00 | Mercredi: 07H00 — 19H00 | Jeudi: 07H00 — 19H00 | Vendredi: 07H00 — 19H00 | Samedi: 07H00 — 18H00 | Dimanche: Fermé
PHARMACIE POUR TOUS,Ouvert,"27, Av. de Calais, Non loin de Canada Experts proNyékonakpoé - BP 795Lomé - Togo",+228 22 21 63 89,6.13550833,1.213,"https://maps.google.com?daddr=6.13550833,1.2130",Lundi: 07H00 — 12H15 | Mardi: 07H00 — 12H15 | Mercredi: 07H00 — 12H15 | Jeudi: 07H00 — 12H15 | Vendredi: 07H00 — 12H15 | Samedi: 07H00 — 13H00 | Dimanche: Fermé
PHARMACIE PRINCIPALE,Ouvert,"Face Hôtel Loris, Yovo KopeKpoganLomé - Togo",+228 90 82 67 67,6.17802778,1.3753,"https://maps.google.com?daddr=6.17802778,1.3753",Lundi: 07H00 — 20H00 | Mardi: 07H00 — 20H00 | Mercredi: 07H00 — 20H00 | Jeudi: 07H00 — 20H00 | Vendredi: 07H00 — 20H00 | Samedi: 07H00 — 13H00 | Dimanche: Fermé
PHARMACIE RAOUDHA,Ouvert,"4205, Bd. du Zio, non loin de la foire Togo 2000 - HedjranawoeHédzranawoé - 03 BP 30153Lomé - Togo",+228 22 61 39 39,6.19473611,1.2536,"https://maps.google.com?daddr=6.19473611,1.2536",Lundi: 07H00 — 20H00 | Mardi: 07H00 — 20H00 | Mercredi: 07H00 — 20H00 | Jeudi: 07H00 — 20H00 | Vendredi: 07H00 — 20H00 | Samedi: 07H00 — 13H00 | Dimanche: Fermé
PHARMACIE REGINA PACIS,Ouvert,-Lomé - Togo,+228 90 72 76 61,6.31919444,1.2175,"https://maps.google.com?daddr=6.31919444,1.2175",Lundi: 07H00 — 20H00 | Mardi: 07H00 — 20H00 | Mercredi: 07H00 — 20H00 | Jeudi: 07H00 — 20H00 | Vendredi: 07H00 — 20H00 | Samedi: 07H00 — 13H00 | Dimanche: Fermé
PHARMACIE ROBERTSON,Ouvert,"31, Av. François Mitterrand non loin de la station totalNyékonakpoé - 08 BP 81670 Lomé 08Lomé - Togo",+228 22 22 28 41,6.13527778,1.2111,"https://maps.google.com?daddr=6.13527778,1.2111",Lundi: 07H00 — 20H00 | Mardi: 07H00 — 20H00 | Mercredi: 07H00 — 20H00 | Jeudi: 07H00 — 20H00 | Vendredi: 07H00 — 20H00 | Samedi: 07H00 — 13H00 | Dimanche: Fermé
PHARMACIE SAG'BIBA,Ouvert,"Nanégbé, à côté de la station T-OilVakpossitoLomé - Togo",+228 22 55 73 17,6.22846721,1.1566,"https://maps.google.com?daddr=6.22846721,1.1566",Lundi: 07H00 — 20H00 | Mardi: 07H00 — 20H00 | Mercredi: 07H00 — 20H00 | Jeudi: 07H00 — 20H00 | Vendredi: 07H00 — 20H00 | Samedi: 07H00 — 13H00 | Dimanche: Fermé
PHARMACIE SAINT ANTOINE,Ouvert,"1048, Av. de la Libération, Près de la Poste Centrale et de la station TOTALFréau Jardin - BP 2052Lomé - Togo",+228 22 21 29 64,6.1325,1.22,"https://maps.google.com?daddr=6.1325,1.22",Lundi: 07H30 — 19H00 | Mardi: 07H30 — 19H00 | Mercredi: 07H30 — 19H00 | Jeudi: 07H30 — 19H00 | Vendredi: 07H30 — 19H00 | Samedi: 07H30 — 13H00 | Dimanche: Fermé
PHARMACIE SAINT ESPRIT,Ouvert,"Rte Agoé-Kégué, derrière le Lycée Agoé-EstAgoè Kétidjan - BP 1246Lomé - Togo",+228 22 40 29 06,6.22188889,1.2214,"https://maps.google.com?daddr=6.22188889,1.2214",Lundi: 07H00 — 20H00 | Mardi: 07H00 — 20H00 | Mercredi: 07H00 — 20H00 | Jeudi: 07H00 — 20H00 | Vendredi: 07H00 — 20H00 | Samedi: 07H00 — 13H00 | Dimanche: Fermé
PHARMACIE SAINT JOSEPH,Ouvert,"Av. de la Chance, Rue BretelleBè Klikamé - BP 13000Lomé - Togo",+228 96 80 09 65,6.17737222,1.205,"https://maps.google.com?daddr=6.17737222,1.2050",Lundi: 07H00 — 20H00 | Mardi: 07H00 — 20H00 | Mercredi: 07H00 — 20H00 | Jeudi: 07H00 — 20H00 | Vendredi: 07H00 — 20H00 | Samedi: 07H00 — 13H00 | Dimanche: Fermé
PHARMACIE SAINT KISITO,Ouvert,"Bd. kara, non loin du carrefour 3KAdéwi - BP 31369Lomé - Togo",+228 22 21 99 63,6.16440833,1.2204,"https://maps.google.com?daddr=6.16440833,1.2204",Lundi: 07H00 — 20H00 | Mardi: 07H00 — 20H00 | Mercredi: 07H00 — 20H00 | Jeudi: 07H00 — 20H00 | Vendredi: 07H00 — 20H00 | Samedi: 07H00 — 13H00 | Dimanche: Fermé
PHARMACIE SAINT MICHEL,Ouvert,"Bd. Gnassimgbé Eyadema, Quartier agoè-cacaveli, près de NSIA BanqueAgoènyivé - 05 BP 201 Lomé 05Lomé - Togo",+228 22 51 70 22,6.21533333,1.2085,"https://maps.google.com?daddr=6.21533333,1.2085",Lundi: 07H00 — 20H00 | Mardi: 07H00 — 20H00 | Mercredi: 07H00 — 20H00 | Jeudi: 07H00 — 20H00 | Vendredi: 07H00 — 20H00 | Samedi: 07H00 — 13H00 | Dimanche: Fermé
PHARMACIE SAINT PAUL,Ouvert,"60, Bd. Jean Paul II, à Côté du Collège St Joseph, près de l'UNHCR, en face du terrain de footTokoin Nukafu - BP 2717Lomé - Togo",+228 96 80 09 67,6.15183333,1.2322,"https://maps.google.com?daddr=6.15183333,1.2322",Lundi: 07H00 — 20H00 | Mardi: 07H00 — 20H00 | Mercredi: 07H00 — 20H00 | Jeudi: 07H00 — 20H00 | Vendredi: 07H00 — 20H00 | Samedi: 07H00 — 13H00 | Dimanche: Fermé
PHARMACIE SAINT PHILIPPE,Inconnu,Unnamed RoadMaritimeSanguera - Togo,+228 90 67 33 24,6.2316469,1.11016,"https://maps.google.com?daddr=6.2316469,1.11016",Non spécifié
PHARMACIE SAINT PIERRE,Ouvert,"89, Bd. du Haho, SagbovilleHédzranawoé - 03 BP 30717Lomé - Togo",+228 22 26 19 73,6.19572477,1.2463,"https://maps.google.com?daddr=6.19572477,1.2463",Lundi: 07H00 — 20H00 | Mardi: 07H00 — 20H00 | Mercredi: 07H00 — 20H00 | Jeudi: 07H00 — 20H00 | Vendredi: 07H00 — 20H00 | Samedi: 07H00 — 13H00 | Dimanche: Fermé
PHARMACIE SAINT PIO,Inconnu,Djagble Klobateme non loin du CMSDjagbléLomé - Togo,+228 96 86 86 86,6.24572222,1.2,"https://maps.google.com?daddr=6.24572222,1.2",Non spécifié
PHARMACIE SAINT RAPHAEL,Inconnu,Notre des Dame des Apôtres face au marchéAtikpodjiLomé - Togo,+228 99 34 33 78,6.12844444,1.2298,"https://maps.google.com?daddr=6.12844444,1.2298",Non spécifié
PHARMACIE SAINTE FAMILLE,Ouvert,"Rue de la Gare, AgadoméBP 504Atakpamé - Togo",+228 24 40 05 00,7.88341667,1.2125,"https://maps.google.com?daddr=7.88341667,1.2125",Lundi: 07H00 — 20H00 | Mardi: 07H00 — 20H00 | Mercredi: 07H00 — 20H00 | Jeudi: 07H00 — 20H00 | Vendredi: 07H00 — 20H00 | Samedi: 07H00 — 13H00 | Dimanche: Fermé
PHARMACIE SAINTE MARIE,Ouvert,Non loin du marché d'AvetaDjagblé - 01 BP 297 Lomé 01Lomé - Togo,+228 22 21 85 58,6.26738889,1.2863,"https://maps.google.com?daddr=6.26738889,1.2863",Lundi: 07H00 — 21H00 | Mardi: 07H00 — 21H00 | Mercredi: 07H00 — 21H00 | Jeudi: 07H00 — 21H00 | Vendredi: 07H00 — 21H00 | Samedi: 07H00 — 17H00 | Dimanche: Fermé
PHARMACIE SAINTE RITA,Ouvert,"Rue de France, face Hôtel SanaTokoin Doulassamé - BP 62033 loméLomé - Togo",+228 22 42 53 48,6.13972222,1.2283,"https://maps.google.com?daddr=6.13972222,1.2283",Lundi: 07H30 — 20H00 | Mardi: 07H30 — 20H00 | Mercredi: 07H30 — 20H00 | Jeudi: 07H30 — 20H00 | Vendredi: 07H30 — 20H00 | Samedi: 07H30 — 13H00 | Dimanche: Fermé
PHARMACIE SALA HOUBEIDA,Ouvert,"Rue Koffi Panou à côté de okiss, non loin de Koffi PanouKélégouganLomé - Togo",+228 91 91 15 35,6.21911111,1.2305,"https://maps.google.com?daddr=6.21911111,1.2305",Lundi: 07H00 — 20H00 | Mardi: 07H00 — 20H00 | Mercredi: 07H00 — 20H00 | Jeudi: 07H00 — 20H00 | Vendredi: 07H00 — 20H00 | Samedi: 07H00 — 13H00 | Dimanche: Fermé
PHARMACIE SANGUERA,Ouvert,Entre EPP et Lycée SangueraMaritimeSanguera - Togo,+228 22 42 80 80,6.23061111,1.117,"https://maps.google.com?daddr=6.23061111,1.1170",Lundi: 07H00 — 20H00 | Mardi: 07H00 — 20H00 | Mercredi: 07H00 — 20H00 | Jeudi: 07H00 — 20H00 | Vendredi: 07H00 — 20H00 | Samedi: 07H00 — 13H00 | Dimanche: Fermé
PHARMACIE SANTA MADONNA,Ouvert,Rue KéguéKélégouganLomé - Togo,+228 90 66 10 66,6.214,1.239722,"https://maps.google.com?daddr=6.214,1.239722",Lundi: 07H30 — 20H30 | Mardi: 07H30 — 20H30 | Mercredi: 07H30 — 20H30 | Jeudi: 07H30 — 20H30 | Vendredi: 07H30 — 20H30 | Samedi: 07H00 — 13H00 | Dimanche: Fermé
PHARMACIE SANTE,Ouvert,"674, Rue du Chemin de Fer, Non loin de la TDEAdawlato - 01 BP 1236Lomé - Togo",+228 70 44 91 37,6.13106111,1.2273,"https://maps.google.com?daddr=6.13106111,1.2273",Lundi: 07H30 — 20H00 | Mardi: 07H30 — 20H00 | Mercredi: 07H30 — 20H00 | Jeudi: 07H30 — 20H00 | Vendredi: 07H30 — 20H00 | Samedi: 07H30 — 13H00 | Dimanche: Fermé
PHARMACIE SANTE PLUS,Inconnu,"A Coté de CEG Tome, BP 557Kara - Togo",+228 26 60 11 17,,,,Non spécifié
PHARMACIE SARAH,Fermé,"186, Bd. Malfakassa, en face du CMS Adakpamé, non loin de l'église CatholiqueAdakpamé - BP 61400Lomé - Togo",+228 22 42 69 02,6.17115,1.2854,"https://maps.google.com?daddr=6.17115,1.2854",Lundi: 07H00 — 08H00 | Mardi: 07H00 — 08H00 | Mercredi: 07H00 — 08H00 | Jeudi: 07H00 — 08H00 | Vendredi: 07H00 — 08H00 | Samedi: 07H00 — 13H00 | Dimanche: Fermé
PHARMACIE SATIS,Ouvert,"Route CEDEAO, en face du CEG KossiganAgoè Kossigan I - BP 8519Lomé - Togo",+228 23 38 26 65,6.23366667,1.1818,"https://maps.google.com?daddr=6.23366667,1.1818",Lundi: 07H00 — 20H00 | Mardi: 07H00 — 20H00 | Mercredi: 07H00 — 20H00 | Jeudi: 07H00 — 20H00 | Vendredi: 07H00 — 20H00 | Samedi: 07H00 — 13H00 | Dimanche: Fermé
PHARMACIE SAVANA,Ouvert,A côté de la cathédrale NapiéngSavanes - BP 87Dapaong - Togo,+228 27 70 80 12,10.8617542,0.2049,"https://maps.google.com?daddr=10.8617542,0.2049",Lundi: 07H00 — 20H00 | Mardi: 07H00 — 20H00 | Mercredi: 07H00 — 20H00 | Jeudi: 07H00 — 20H00 | Vendredi: 07H00 — 20H00 | Samedi: 07H00 — 13H00 | Dimanche: Fermé
PHARMACIE SHALOM,Ouvert,"Bd. Faure Gnassingbe, Non loin de l'Ancienne Direction des ImpôtsAgoè Cacavéli - 10 BP 10040Lomé - Togo",+228 22 51 87 60,6.217682,1.203,"https://maps.google.com?daddr=6.217682,1.203",Lundi: 07H00 — 20H00 | Mardi: 07H00 — 20H00 | Mercredi: 07H00 — 20H00 | Jeudi: 07H00 — 20H00 | Vendredi: 07H00 — 20H00 | Samedi: 07H00 — 20H00 | Dimanche: Fermé
PHARMACIE SIKA,Ouvert,"Route Akakope-Gbamakope, non loin de l'école persévérance, Djagblé HéhiéatroDjagbléLomé - Togo",+228 92 62 06 51,6.25566667,1.2694,"https://maps.google.com?daddr=6.25566667,1.2694",Lundi: 07H00 — 21H00 | Mardi: 07H00 — 21H00 | Mercredi: 07H00 — 21H00 | Jeudi: 07H00 — 21H00 | Vendredi: 07H00 — 21H00 | Samedi: 07H00 — 17H00 | Dimanche: Fermé
PHARMACIE SILOE,Ouvert,"Bd. du 30 Août, en face de Sanol, Adidigome ApedokoéAdidogomé - 07 BP 7189Lomé - Togo",+228 90 80 26 39,6.20694444,1.1409,"https://maps.google.com?daddr=6.20694444,1.1409",Lundi: 07H00 — 20H00 | Mardi: 07H00 — 20H00 | Mercredi: 07H00 — 20H00 | Jeudi: 07H00 — 20H00 | Vendredi: 07H00 — 20H00 | Samedi: 07H00 — 13H00 | Dimanche: Fermé
PHARMACIE SOLIDARITE,Ouvert,"Route de Limousine, face à la microfinance milléniumTotsi - BP 8919Lomé - Togo",+228 22 50 37 07,6.19663889,1.1867,"https://maps.google.com?daddr=6.19663889,1.1867",Lundi: 07H00 — 20H00 | Mardi: 07H00 — 20H00 | Mercredi: 07H00 — 20H00 | Jeudi: 07H00 — 20H00 | Vendredi: 07H00 — 20H00 | Samedi: 07H00 — 13H00 | Dimanche: Fermé
PHARMACIE SOURCE DE VIE,Ouvert,"Bd. de la Victoire, face Collège Protestant, non loin de station T-OilTokoin Protestant - BP 147 LoméLomé - Togo",+228 22 20 27 59,6.14708333,1.2034,"https://maps.google.com?daddr=6.14708333,1.2034",Lundi: 07H00 — 20H00 | Mardi: 07H00 — 20H00 | Mercredi: 07H00 — 20H00 | Jeudi: 07H00 — 20H00 | Vendredi: 07H00 — 20H00 | Samedi: 07H00 — 13H00 | Dimanche: Fermé
PHARMACIE ST PAUL,Inconnu,"Bd. Jean Paul II, à côté de l'HCR Nations UniesLomé - Togo",+228 96 32 97 47,6.152153,1.2325014,,Non spécifié
PHARMACIE TAKOE,Inconnu,"Route nationale N°1, à côté du marché, en face de la posteAgoè ZongoLomé - Togo",+228 70 45 62 17,6.25319444,1.2085,"https://maps.google.com?daddr=6.25319444,1.2085",Non spécifié
PHARMACIE TCHEP'SON,Ouvert,Nationale N°1 face à terminal du sahel.Agoè Zongo - 13 BP 498Lomé - Togo,+228 70 42 94 41,6.25905556,1.2,"https://maps.google.com?daddr=6.25905556,1.2",Lundi: 07H00 — 20H00 | Mardi: 07H00 — 20H00 | Mercredi: 07H00 — 20H00 | Jeudi: 07H00 — 20H00 | Vendredi: 07H00 — 20H00 | Samedi: 07H00 — 13H00 | Dimanche: Fermé
PHARMACIE THERYA,Ouvert,"Rue 251 HDN, Route du petit contournement, Non loin de Togo 2000 - HedjranawoeHédzranawoé - 21 BP 88Lomé - Togo",+228 70 44 81 77,6.18996667,1.2517,"https://maps.google.com?daddr=6.18996667,1.2517",Lundi: 07H00 — 20H00 | Mardi: 07H00 — 20H00 | Mercredi: 07H00 — 20H00 | Jeudi: 07H00 — 20H00 | Vendredi: 07H00 — 20H00 | Samedi: 07H00 — 13H00 | Dimanche: Fermé
PHARMACIE TRIOMPHA,Inconnu,Grand contournement non loin de carredour KpalaLomé - Togo,+228 93 25 80 36,6.2578932,1.1192787,,Non spécifié
PHARMACIE UNIVERS SANTE,Ouvert,"Bd Eyadema, face entrée CHU campusCité OUALomé - Togo",+228 22 61 81 43,6.18291667,1.2,"https://maps.google.com?daddr=6.18291667,1.2",Lundi: 07H00 — 20H00 | Mardi: 07H00 — 20H00 | Mercredi: 07H00 — 20H00 | Jeudi: 07H00 — 20H00 | Vendredi: 07H00 — 20H00 | Samedi: 07H00 — 13H00 | Dimanche: Fermé
PHARMACIE VERSEAU,Ouvert,"Route d'Aného, face à Nsia BanqueBaguida - BP 60660Lomé - Togo",+228 22 27 34 53,6.16673889,1.3344,"https://maps.google.com?daddr=6.16673889,1.3344",Lundi: 07H00 — 20H00 | Mardi: 07H00 — 20H00 | Mercredi: 07H00 — 20H00 | Jeudi: 07H00 — 20H00 | Vendredi: 07H00 — 20H00 | Samedi: Fermé | Dimanche: Fermé
PHARMACIE VERTE,Ouvert,"Av. de la Chance, au feu rouge de Togocel, Non loin de Cabinet 3AAgbalépédo - 08 BP 81297 LOME 08Lomé - Togo",+228 91 98 50 17,6.18599722,1.2069,"https://maps.google.com?daddr=6.18599722,1.2069",Lundi: 07H00 — 20H00 | Mardi: 07H00 — 20H00 | Mercredi: 07H00 — 20H00 | Jeudi: 07H00 — 20H00 | Vendredi: 07H00 — 20H00 | Samedi: 07H00 — 13H00 | Dimanche: Fermé
PHARMACIE VIGUEUR,Ouvert,"Av. Livingstone, non loin du marché la paix d'AgbalépédoAgbalépédo - 05 BP 02 Lomé 05Lomé - Togo",+228 22 51 63 30,6.19264167,1.2008,"https://maps.google.com?daddr=6.19264167,1.2008",Lundi: 07H00 — 20H00 | Mardi: 07H00 — 20H00 | Mercredi: 07H00 — 20H00 | Jeudi: 07H00 — 20H00 | Vendredi: 07H00 — 20H00 | Samedi: 07H00 — 13H00 | Dimanche: Fermé
PHARMACIE VITA-FLORE,Ouvert,"Rue Zossimé, non loin du carrefour AssigoméVakpossitoLomé - Togo",+228 70 40 22 86,6.22194444,1.1651,"https://maps.google.com?daddr=6.22194444,1.1651",Lundi: 07H00 — 20H00 | Mardi: 07H00 — 20H00 | Mercredi: 07H00 — 20H00 | Jeudi: 07H00 — 20H00 | Vendredi: 07H00 — 20H00 | Samedi: 07H00 — 13H00 | Dimanche: Fermé
PHARMACIE VITALIS,Ouvert,"Rue Amoutiévé, à côté de la Caisse, Lagos KpanouGrand Marché –Assigamé - BP 30446Lomé - Togo",+228 22 21 69 79,6.130408,1.227,"https://maps.google.com?daddr=6.130408,1.227",Lundi: 07H30 — 19H30 | Mardi: 07H30 — 19H30 | Mercredi: 07H30 — 19H30 | Jeudi: 07H30 — 19H30 | Vendredi: 07H30 — 19H30 | Samedi: 07H30 — 19H30 | Dimanche: Fermé
PHARMACIE VITAS,Ouvert,En face du MarchéAgoè Assiyéyé - 13 BP 244Lomé - Togo,+228 22 25 63 43,6.21391667,1.2084,"https://maps.google.com?daddr=6.21391667,1.2084",Lundi: 07H00 — 20H00 | Mardi: 07H00 — 20H00 | Mercredi: 07H00 — 20H00 | Jeudi: 07H00 — 20H00 | Vendredi: 07H00 — 20H00 | Samedi: 07H00 — 13H00 | Dimanche: Fermé
PHARMACIE VOLONTAS DEI,Ouvert,"Rue sun-city, au carrefour sun-city, avédji sun-cityAvédji - 05 BP 591 LoméLomé - Togo",+228 22 36 00 95,6.20224722,1.1731,"https://maps.google.com?daddr=6.20224722,1.1731",Lundi: 07H00 — 20H00 | Mardi: 07H00 — 20H00 | Mercredi: 07H00 — 20H00 | Jeudi: 07H00 — 20H00 | Vendredi: 07H00 — 20H00 | Samedi: 07H00 — 13H00 | Dimanche: Fermé
PHARMACIE WASTINE,Ouvert,Rue . La koukouvi imm JKF à 200M du carrefour LOGOTEAdidogoméLomé - Togo,+228 70 40 10 52,6.19280556,1.2,"https://maps.google.com?daddr=6.19280556,1.2",Lundi: 07H00 — 20H00 | Mardi: 07H00 — 20H00 | Mercredi: 07H00 — 20H00 | Jeudi: 07H00 — 20H00 | Vendredi: 07H00 — 20H00 | Samedi: 07H00 — 13H00 | Dimanche: Fermé
PHARMACIE WEND-SONGRE,Fermé,"33J5+52C, N16Senkase - Togo",+228 90 10 05 30,11.0804433,0.0575,"https://maps.google.com?daddr=11.0804433,0.0575",Lundi: 00H00 — 00H00 | Mardi: 00H00 — 00H00 | Mercredi: 00H00 — 00H00 | Jeudi: 00H00 — 00H00 | Vendredi: 00H00 — 00H00 | Samedi: 00H00 — 00H00 | Dimanche: 00H00 — 00H00
PHARMACIE YEM-BLA,Ouvert,"Av. Pya Akeï, face résidence du béninTokoin Wuiti - BP 20633Lomé - Togo",+228 22 26 76 51,6.1686,1.22,"https://maps.google.com?daddr=6.1686,1.22",Lundi: 07H00 — 20H00 | Mardi: 07H00 — 20H00 | Mercredi: 07H00 — 20H00 | Jeudi: 07H00 — 20H00 | Vendredi: 07H00 — 20H00 | Samedi: 07H00 — 11H00 | Dimanche: Fermé
PHARMACIE YESHNA,Ouvert,Près de NDEVakpossitoLomé - Togo,+228 93 51 25 73,6.21983333,1.1567,"https://maps.google.com?daddr=6.21983333,1.1567",Lundi: 07H30 — 20H00 | Mardi: 07H30 — 20H00 | Mercredi: 07H30 — 20H00 | Jeudi: 07H30 — 20H00 | Vendredi: 07H30 — 20H00 | Samedi: 07H30 — 13H00 | Dimanche: Fermé
PHARMACIE YESHUA,Ouvert,près de NDEVakpossito - 01 Bp 254 LoméLomé - Togo,+228 93 51 25 73,6.21983333,1.1401,"https://maps.google.com?daddr=6.21983333,1.1401",Lundi: 07H30 — 20H00 | Mardi: 07H30 — 20H00 | Mercredi: 07H30 — 20H00 | Jeudi: 07H30 — 20H00 | Vendredi: 07H30 — 20H00 | Samedi: 07H30 — 13H00 | Dimanche: Fermé
PHARMACIE ZILIDJI,Inconnu,-Lomé - Togo,+228 92 61 66 08,6.20011111,1.1813,"https://maps.google.com?daddr=6.20011111,1.1813",Non spécifié
PHARMACIE ZONGO,Ouvert,"Nationale N1, 100m après OrabankTogblékopé - 19 BP 15 LoméLomé - Togo",+228 70 45 23 16,6.27047222,1.21,"https://maps.google.com?daddr=6.27047222,1.2100",Lundi: 07H00 — 20H00 | Mardi: 07H00 — 20H00 | Mercredi: 07H00 — 20H00 | Jeudi: 07H00 — 20H00 | Vendredi: 07H00 — 20H00 | Samedi: 07H00 — 13H00 | Dimanche: Fermé
PHARMACIE ZOPOMAHE,Ouvert,"Sur la voie Zossimé Sanguéna, côté témoins de JéhovahLomé - Togo",+228 98 80 68 83,6.23305556,1.1193,"https://maps.google.com?daddr=6.23305556,1.1193",Lundi: 07H00 — 20H00 | Mardi: 07H00 — 20H00 | Mercredi: 07H00 — 20H00 | Jeudi: 07H00 — 20H00 | Vendredi: 07H00 — 20H00 | Samedi: 07H00 — 20H00 | Dimanche: Fermé
PHARMACIE ZOSSIME,Ouvert,"Rue. zanguera, Imm. de la posteAgoè Zossimé - 08 Bp 66Lomé - Togo",+228 70 46 26 64,6.23355556,1.1,"https://maps.google.com?daddr=6.23355556,1.1",Lundi: 07H00 — 21H00 | Mardi: 07H00 — 21H00 | Mercredi: 07H00 — 21H00 | Jeudi: 07H00 — 21H00 | Vendredi: 07H00 — 21H00 | Samedi: 07H00 — 14H00 | Dimanche: Fermé
PHARMACOL,Inconnu,BP. 4274MaritimeLomé - Togo,+228 22 21 65 15,6.1756574,1.1997415,"https://maps.google.com?daddr=6.1256983,1.22536",Non spécifié
PHARMACY OF PROVIDENCE,Ouvert,"79,Bd Jean Paul II Nukafu 1BP 440 1 - For EverMaritimeLomé - Togo",+228 91 14 88 88,6.1606805,1.23383,"https://maps.google.com?daddr=6.1606805,1.23383",Lundi: 07H00 — 20H00 | Mardi: 07H00 — 20H00 | Mercredi: 07H00 — 20H00 | Jeudi: 07H00 — 20H00 | Vendredi: 07H00 — 20H00 | Samedi: 07H00 — 13H00 | Dimanche: Fermé
PHARMAXIEL,Inconnu,1980 Bd Jean Paul IIBP 30680 LoméLomé - Togo,+228 914 47 99,6.2090094,1.087808,,Non spécifié
Phamacie Nation,Ouvert,- - AgbalepedoganMaritimeLomé - Togo,+228 22 25 99 65,6.1922419,1.191,"https://maps.google.com?daddr=6.1922419,1.19100",Lundi: 07H30 — 20H00 | Mardi: 07H30 — 20H00 | Mercredi: 07H30 — 20H00 | Jeudi: 07H30 — 20H00 | Vendredi: 07H30 — 20H00 | Samedi: 07H30 — 13H00 | Dimanche: Fermé
Phamarcie Bon Samaritain,Ouvert,"46QW+XP3, Unnamed Road, Rue ToldaMaritimeLomé - Togo",+228 22 21 45 30,6.1398883,1.2465,"https://maps.google.com?daddr=6.1398883,1.24650",Lundi: 07H00 — 20H00 | Mardi: 07H00 — 20H00 | Mercredi: 07H00 — 20H00 | Jeudi: 07H00 — 20H00 | Vendredi: 07H00 — 20H00 | Samedi: 07H00 — 15H00 | Dimanche: Fermé
Pharmacie Agoè-Nyivé,Ouvert,"Eyadema, A côté de l'église catholique Marie ThéotokosMaritimeLomé - Togo",+228 22 25 83 38,6.2251459,1.21056,"https://maps.google.com?daddr=6.2251459,1.21056",Lundi: 07H00 — 20H00 | Mardi: 07H00 — 20H00 | Mercredi: 07H00 — 20H00 | Jeudi: 07H00 — 20H00 | Vendredi: 07H00 — 20H00 | Samedi: 07H00 — 13H00 | Dimanche: Fermé
Pharmacie Amessiame Be,Ouvert,61720MaritimeLomé - Togo,+228 96 32 97 60,6.1435303,1.24429,"https://maps.google.com?daddr=6.1435303,1.24429",Lundi: 07H00 — 20H00 | Mardi: 07H00 — 20H00 | Mercredi: 07H00 — 20H00 | Jeudi: 07H00 — 20H00 | Vendredi: 07H00 — 20H00 | Samedi: 07H00 — 13H00 | Dimanche: Fermé
Pharmacie Believe,Ouvert,C686+WCWMaritimeTsevie - Togo,+228 23 30 00 14,6.4173603,1.21107,"https://maps.google.com?daddr=6.4173603,1.21107",Lundi: 07H00 — 20H00 | Mardi: 07H00 — 20H00 | Mercredi: 07H00 — 20H00 | Jeudi: 07H00 — 20H00 | Vendredi: 07H00 — 20H00 | Samedi: 07H00 — 14H00 | Dimanche: Fermé
Pharmacie Bien Être,Ouvert,- - HedjranawoeMaritimeLomé - Togo,+228 70 34 26 60,6.1898208,1.24348,"https://maps.google.com?daddr=6.1898208,1.24348",Lundi: 08H00 — 19H00 | Mardi: 08H00 — 19H00 | Mercredi: 08H00 — 19H00 | Jeudi: 08H00 — 19H00 | Vendredi: 08H00 — 19H00 | Samedi: 08H00 — 19H00 | Dimanche: Fermé
Pharmacie Bonté,Ouvert,-MaritimeLomé - Togo,+228 93 95 80 78,6.1896489,1.15375,"https://maps.google.com?daddr=6.1896489,1.15375",Lundi: 07H30 — 20H00 | Mardi: 07H30 — 20H00 | Mercredi: 07H30 — 20H00 | Jeudi: 07H30 — 20H00 | Vendredi: 07H30 — 20H00 | Samedi: 07H30 — 20H00 | Dimanche: 07H30 — 20H00
Pharmacie Christ-Roi,Fermé,-MaritimeLomé - Togo,+228 22 27 46 66,6.1698167,1.30061,"https://maps.google.com?daddr=6.1698167,1.30061",Lundi: 00H00 — 00H00 | Mardi: 00H00 — 00H00 | Mercredi: 00H00 — 00H00 | Jeudi: 00H00 — 00H00 | Vendredi: 00H00 — 00H00 | Samedi: 00H00 — 00H00 | Dimanche: 00H00 — 00H00
Pharmacie Cristal (Lomé-Togo),Inconnu,Bè AklassouMaritimeLomé - Togo,+228 22 20 90 91,6.1472946,1.2489329,"https://maps.google.com?daddr=6.1256983,1.22536",Non spécifié
Pharmacie DIEU NOUS AIME,Fermé,"84V7+249, Unnamed RoadMaritimeKovie - Togo",+228 90 01 35 88,6.3425469,1.11285,"https://maps.google.com?daddr=6.3425469,1.11285",Lundi: 00H00 — 00H00 | Mardi: 00H00 — 00H00 | Mercredi: 00H00 — 00H00 | Jeudi: 00H00 — 00H00 | Vendredi: 00H00 — 00H00 | Samedi: 00H00 — 00H00 | Dimanche: 00H00 — 00H00
Pharmacie El Sali,Ouvert,-MaritimeSanguera - Togo,+228 70 12 44 44,6.2201679,1.12533,"https://maps.google.com?daddr=6.2201679,1.12533",Lundi: 07H00 — 20H00 | Mardi: 07H00 — 20H00 | Mercredi: 07H00 — 20H00 | Jeudi: 07H00 — 20H00 | Vendredi: 07H00 — 20H00 | Samedi: 07H00 — 13H30 | Dimanche: Fermé
Pharmacie El-Shammah,Ouvert,Maison des Jeunes de LoméMaritimeLomé - Togo,+228 22 46 93 50,6.2090094,1.1599,"https://maps.google.com?daddr=6.2090094,1.15990",Lundi: 08H00 — 20H00 | Mardi: 08H00 — 20H00 | Mercredi: 08H00 — 20H00 | Jeudi: 08H00 — 20H00 | Vendredi: 08H00 — 20H00 | Samedi: 08H00 — 20H00 | Dimanche: Fermé
Pharmacie Grand Marche,Inconnu,"565P+5W9, 01 BP 376 1Lomé - Togo",+228 22 21 26 36,6.1500352,1.23378,"https://maps.google.com?daddr=6.1500352,1.23378",Non spécifié
Pharmacie LAFIA Kara,Ouvert,BP 500 COFAC KARAKaraKara - Togo,+228 26 60 04 34,9.5475227,1.19452,"https://maps.google.com?daddr=9.5475227,1.19452",Lundi: 07H00 — 20H00 | Mardi: 07H00 — 20H00 | Mercredi: 07H00 — 20H00 | Jeudi: 07H00 — 20H00 | Vendredi: 07H00 — 20H00 | Samedi: 07H00 — 13H00 | Dimanche: Fermé
Pharmacie La Shékinah,Ouvert,Agoè légbassitoMaritimeLomé - Togo,+228 96 40 17 17,6.2477778,1.13979,"https://maps.google.com?daddr=6.2477778,1.13979",Lundi: 07H00 — 20H00 | Mardi: 07H00 — 20H00 | Mercredi: 07H00 — 20H00 | Jeudi: 07H00 — 20H00 | Vendredi: 07H00 — 20H00 | Samedi: 07H00 — 13H00 | Dimanche: Fermé
Pharmacie ND TRINITE,Ouvert,Av. de la PaixLomé - Togo,+228 22 47 61 03,6.151597,1.238,"https://maps.google.com?daddr=6.151597,1.238",Lundi: 07H00 — 20H00 | Mardi: 07H00 — 20H00 | Mercredi: 07H00 — 20H00 | Jeudi: 07H00 — 20H00 | Vendredi: 07H00 — 20H00 | Samedi: 07H00 — 13H00 | Dimanche: 00H00 — 00H00
Pharmacie Nouvelle,Fermé,Unnamed RoadCentraleSokode - Togo,+228 90 72 36 39,8.986708,1.136,"https://maps.google.com?daddr=8.986708,1.136",Lundi: 00H00 — 00H00 | Mardi: 00H00 — 00H00 | Mercredi: 00H00 — 00H00 | Jeudi: 00H00 — 00H00 | Vendredi: 00H00 — 00H00 | Samedi: 00H00 — 00H00 | Dimanche: 00H00 — 00H00
Pharmacie Ocean,Inconnu,Unnamed RoadMaritimeLomé - Togo,+228 22 22 62 77,6.1333887,1.24647,"https://maps.google.com?daddr=6.1333887,1.24647",Non spécifié
Pharmacie Renaissance,Inconnu,N1Kara - Togo,+228 26 60 09 39,9.5390286,1.19652,"https://maps.google.com?daddr=9.5390286,1.19652",Non spécifié
Pharmacie St Joseph,Inconnu,R.P.T.MaritimeLomé - Togo,+228 22 25 74 65,6.1772853,1.20513,"https://maps.google.com?daddr=6.1772853,1.20513",Non spécifié
Pharmacie d'Aneho Woezon,Ouvert,Grand PopoMaritimeLomé - Togo,+228 22 48 19 69,6.1256983,1.2253621,"https://maps.google.com?daddr=6.1256983,1.22536",Lundi: 07H00 — 19H00 | Mardi: 07H00 — 19H00 | Mercredi: 07H00 — 19H00 | Jeudi: 07H00 — 19H00 | Vendredi: 07H00 — 19H00 | Samedi: 07H00 — 19H00 | Dimanche: 07H00 — 19H00
Pharmacie de Zossimé,Ouvert,-MaritimeLomé - Togo,+228 70 46 26 64,6.2333535,1.14791,"https://maps.google.com?daddr=6.2333535,1.14791",Lundi: 07H00 — 21H30 | Mardi: 07H00 — 21H30 | Mercredi: 07H00 — 21H30 | Jeudi: 07H00 — 21H30 | Vendredi: 07H00 — 21H30 | Samedi: 07H00 — 21H30 | Dimanche: Fermé
Pharmacie du Point E,Ouvert,- - TotsiviMaritimeLomé - Togo,+228 22 51 91 71,6.1813082,1.19,"https://maps.google.com?daddr=6.1813082,1.19",Lundi: 07H00 — 20H00 | Mardi: 07H00 — 20H00 | Mercredi: 07H00 — 20H00 | Jeudi: 07H00 — 20H00 | Vendredi: 07H00 — 20H00 | Samedi: 07H00 — 20H00 | Dimanche: 07H00 — 20H00
Pharmacie la CHARITE,Inconnu,Route de Mission TovéMaritimeLomé - Togo,+228 22 25 12 60,6.2253629,1.2,"https://maps.google.com?daddr=6.2253629,1.20",Non spécifié
Pharmacie olivier,Fermé,- - AnfaméMaritimeLomé - Togo,+228 70 14 58 39,6.1645564,1.26744,"https://maps.google.com?daddr=6.1645564,1.26744",Lundi: Fermé | Mardi: Fermé | Mercredi: Fermé | Jeudi: Fermé | Vendredi: Fermé | Samedi: Fermé | Dimanche: 00H00 — 00H00
Pharmacy Gbeze,Inconnu,-Lomé - Togo,+228 22 26 32 61,6.1713149,1.23474,"https://maps.google.com?daddr=6.1713149,1.23474",Non spécifié
SATIS,Inconnu,BP. 8519MaritimeLomé - Togo,+228 22 50 30 55,6.2337015,1.1097774,"https://maps.google.com?daddr=6.1256983,1.22536",Non spécifié
SHALOM,Inconnu,BP. 10040MaritimeLomé - Togo,+228 22 51 87 60,6.2061762,1.0100655,"https://maps.google.com?daddr=6.1256983,1.22536",Non spécifié
SUPERLIFE WORLD LOME,Inconnu,BP: LoméMaritimeLomé - Togo,+228 90 89 81 44,6.2194998,1.17846,"https://maps.google.com?daddr=6.2194998,1.17846",Non spécifié
Sauveur,Inconnu,V6F2+8CCDapaong - Togo,+228 27 70 87 62,10.8733058,0.201,"https://maps.google.com?daddr=10.8733058,0.2010",Non spécifié
Superlife World Atakpamé Togo,Ouvert,BP: 09 AgbonouAtakpame - Togo,+228 90 32 15 55,7.5216738,1.14797,"https://maps.google.com?daddr=7.5216738,1.14797",Lundi: 05H00 — 23H30 | Mardi: 05H00 — 23H30 | Mercredi: 05H00 — 23H30 | Jeudi: 05H00 — 23H30 | Vendredi: 05H00 — 23H30 | Samedi: 05H00 — 23H30 | Dimanche: 06H00 — 22H30
TEDIS PHARMA TOGO (TPTG),Ouvert,"56FW+6HV, Rue 45 HDNMaritimeLomé - Togo",+228 91 98 42 68 87 88,6.1731002,1.24643,"https://maps.google.com?daddr=6.1731002,1.24643",Lundi: 08H00 — 18H00 | Mardi: 08H00 — 18H00 | Mercredi: 08H00 — 18H00 | Jeudi: 08H00 — 18H00 | Vendredi: 08H00 — 18H00 | Samedi: Fermé | Dimanche: Fermé
TI2A SARL,Ouvert,"Route du Marché, non loin de la station des zémidjans, marché d'AwatoméAdidogomé - 04 BP 358 Lomé 04Lomé - Togo",+228 91 31 60 31,6.17827778,1.1685,"https://maps.google.com?daddr=6.17827778,1.1685",Lundi: 07H30 — 19H30 | Mardi: 07H30 — 19H30 | Mercredi: 07H30 — 19H30 | Jeudi: 07H30 — 19H30 | Vendredi: 07H30 — 19H30 | Samedi: Fermé | Dimanche: Fermé
UBIPHARM TOGO,Ouvert,-MaritimeLomé - Togo,+228 22 23 74 50,6.1262021,1.22103,"https://maps.google.com?daddr=6.1262021,1.22103",Lundi: 07H30 — 22H00 | Mardi: 07H30 — 22H00 | Mercredi: 07H30 — 22H00 | Jeudi: 07H30 — 22H00 | Vendredi: 07H30 — 22H00 | Samedi: Fermé | Dimanche: 08H00 — 13H00
UBIPHARM TOGO SA,Ouvert,"Route A3, Accès NordZone Portuaire - BP 9127Lomé - Togo",+228 22 27 02 55,6.14915833,1.2724,"https://maps.google.com?daddr=6.14915833,1.2724",Lundi: 06H00 — 22H00 | Mardi: 06H00 — 22H00 | Mercredi: 06H00 — 22H00 | Jeudi: 06H00 — 22H00 | Vendredi: 06H00 — 22H00 | Samedi: 06H00 — 13H00 | Dimanche: 08H00 — 13H00
VIGUEUR,Inconnu,05 BP. 02MaritimeLomé - Togo,+228 22 51 63 30,6.192543,1.1287202,"https://maps.google.com?daddr=6.1256983,1.22536",Non spécifié
YEM BLA,Inconnu,BP. 20633MaritimeLomé - Togo,+228 22 26 76 51,6.1685393,1.1881324,"https://maps.google.com?daddr=6.1256983,1.22536",Non spécifié
